question,answer,contexts,used_reranker,k_init,top_n,num_initial_docs,num_final_docs,runtime_seconds,factuality_score,question_type,chunk_size,chunk_overlap
What role does the National Park Service play in preserving sites related to the American Revolution?,"Original Answer: The National Park Service plays a crucial role in preserving sites related to the American Revolution. As part of the U.S. Department of the Interior, the National Park Service is responsible for managing and protecting Independence National Historical Park in Philadelphia, Pennsylvania, which is one of the most significant sites associated with the American Revolution. The park includes numerous historical buildings, monuments, and artifacts that tell the story of the Revolutionary War and its impact on American history. Additionally, the National Park Service works to educate visitors about the events and people that shaped the American Revolution through various programs and interpretive materials.","['1 \n Argument Writing Lesson  \nBackground Information  \n National Park Service  \nU.S. Department of the Interior  \n \nIndependence National Historical Park  \nPhiladelphia, Pennsylvania  \n \nAmerican Revolution Overview  \nThe Revolutionary War (1775 -1783) began as a conflict between Great Britain and her North American \ncolonies.  It ended as a global war, pitting European powers against each other in a time of intense', 'Women played many roles \nin the American Revolution. Working in army camps,', 'George Washington\nCrispus Attucks\nStamp Act CrisisReaderHistory  and GeoGrap Hy\nThe American  \nRevolution\nPaul Revere’s ride']",False,10,3,3,3,2.279390335083008,0.554242730140686,single_hop_specifc_query_synthesizer,500,30
What grievances did the American colonists have against the King in the Declaration of Independence?,"Original Answer: The American colonists had several grievances against the King in the Declaration of Independence. They accused the king of ignoring or changing their colonial governments, as well as their rights to a trial by jury. They also accused the king of sending a hired army to force them to obey unjust laws and said that he was ""unfit to be the ruler of a free people."" Additionally, they were angry with the King for forcing the slave trade upon the American colonies.","['complaints, the colonists make it clear that they are angry with the British king and government for \ntaking away their rights as English citizens.  They point out that the king has ignored or changed their \ncolo nial governments, as well as their rights to a trial by jury.  The colonists accuse the king of sending a \nhired army to force them to obey unjust laws.  They say the king is “unfit to be the ruler of a free \npeople.”', 'Continental Congress re moved whole sections.  Jefferson was most angered by the removal of one \nparticular clause, a clause blaming the King for forcing the slave trade upon the American colonies.   \nThe final draft of the Declaration of Independence contains a preamble, a list of grievances, a formal \ndeclaration of independence, and signatures.   \nPreamble  \nThis first of the Declaration contains an assertion of individual rights.  Perhaps the most famous line', 'Washington’s larger disagreement with them was th eir enactment by a British parliament \nthat lacked American representation. This taxation without representation was viewed by \nWashington as a violation of the colonists’ rights as Englishmen. His frustrations \ncontinued to grow over the next few years. Thou gh not agreeing with the Boston Tea \nPartiers who dumped 342 chests of tea into Massachusetts Bay in the winter of 1773, he']",False,10,3,3,3,2.103965997695923,0.5645689368247986,single_hop_specifc_query_synthesizer,500,30
"What role did Thomas Jefferson play in the drafting of the Declaration of Independence, and how was his contribution recognized by his contemporaries?","Original Answer: Thomas Jefferson played a significant role in the drafting of the Declaration of Independence. He was one of the five members assigned to the committee tasked with drafting the document, and he took the lead on the project. Jefferson's rough draft was the basis for the final version of the Declaration, and he made several key contributions to the document.","['“Resolved, that these united colonies are, and of right ought to be, free and independent states …”  \nVoting was postponed while some of the delegates worked to convince others to support \nindependence, but a committee of five men was assigned to draft a document of independence: John \nAdams (MA), Benjamin Franklin (PA), Thomas Jefferson (VA), Roger Sherman (CT), and Robert R. \nLivingston (NY).  Jefferson did most of the work, drafting the document in his lodgings at 7th and Market \nStreet.', '• June 10, 1776 : Consideration of the resolution postponed until July 1 (so moderates could build \na coalition)  \n• June 11, 1776 : Revolutionaries persuade Congress to appoint a committee to draft a declaration \nof independence.  The committee consisted of John Adams (MA), Benjamin Franklin (PA), \nThomas Jefferson (VA), Roger Sherman (CT ), and Robert R. Livingston (NY).  Jefferson takes the \nlead on the project.  Adams and Franklin make a few edits.  Jefferson’s rough draft is in the', 'The Declaration of Independence as an Argument  \nLooking back on the Declaration of Independence almost 50 years later, Thomas Jefferson explained \nthat the document’s purpose was never meant  to be thoroughly original; its purpose wasn’t to articulate \nanything that hadn’t be said before, but to make the case for the American colonies in plain terms and \npersuade the world to see common sense. “It was intended to be an expression of t he American mind,”']",False,10,3,3,3,2.1738739013671875,0.5902193784713745,single_hop_specifc_query_synthesizer,500,30
Who was Timothy Matlack and what was his role related to the Declaration of Independence?,"Original Answer: Timothy Matlack was the engrosser of the Declaration of Independence. He was responsible for copying the final draft of the document onto parchment, which was then signed by the delegates at the Continental Congress in Philadelphia in 1776.","['Preceded by Office established\nGeorge Washington\nGeorge Washington  (February 22, 1732 [O.S.\nFebruary 11, 1731][a] – December 14, 1799) was a\nFounding Father  and the first president of the United\nStates , serving from 1789 to 1797. As commander of\nthe Continental Army , Washington led Patriot  forces to\nvictory in the American Revolutionary War against the\nBritish Empire . He is commonly known as the Father\nof His Country  for his role in bringing about American\nindependence .', 'Assembly Room of the Pennsylvania State House, now known as Independence Hall:  \nhttps://www.nps.gov/inde/learn/historyculture/places -indepe ndencehall -assemblyroom.htm  \n• Letter from John Adams to Abigail Adams about independence celebrations, 3 July 1776, can be \nfound here: https://www.masshist.org/digitaladams/archive/doc?id=L17760703jasecond   \n• See an image and read more about Declaration engrosser Timothy Matlack:', 'appointing Thomas Jefferson as Secret ary of State, Alexander Hamilton as the Secretary \nof the Treasury, Henry Knox as the Secretary of War, and Edmund Randolph as Attorney \nGeneral.  \n \nIn the early 1790s, Washington pushed for the creation of a national bank (which \nCongress approved in 1791), ma de a tour of the United States, oversaw the creation of']",False,10,3,3,3,1.5236868858337402,0.5544074177742004,single_hop_specifc_query_synthesizer,500,30
What circumstances led John Washington to leave Northamptonshire and begin a new life in America?,"Original Answer: John Washington was forced to leave Northamptonshire at age 25 when his father, Lawrence Washington, fell from favor with Oliver Cromwell's Parliament after the English king was overthrown in 1656.","['where he began a new life.   where he began a new life.   \nJohn WashingtonJohn Washington was forced to was forced to \nleave leave NorthamptonshireNorthamptonshire at age 25 at age 25 \nwhen his father when his father LawrenceLawrence , the , the \nRector of Rector of PurleighPurleigh , fell from favor , fell from favor \nwhen Oliver Cromwellwhen Oliver Cromwell ’’s Parliament s Parliament \noverthrew the English king in 1656.  overthrew the English king in 1656.', 'Preceded by Office established\nGeorge Washington\nGeorge Washington  (February 22, 1732 [O.S.\nFebruary 11, 1731][a] – December 14, 1799) was a\nFounding Father  and the first president of the United\nStates , serving from 1789 to 1797. As commander of\nthe Continental Army , Washington led Patriot  forces to\nvictory in the American Revolutionary War against the\nBritish Empire . He is commonly known as the Father\nof His Country  for his role in bringing about American\nindependence .', 'resignation was acclaimed at home and abroad, ""extolled by later historians as a signal event that set the\ncountry\'s political course"" according to the historian Edward J. Larson .[149][i] The same month,\nWashington was appointed president-general of the Society of the Cincinnati , a newly established\nhereditary fraternity of Revolutionary War officers.[151]\nAfter spending just ten days at Mount Vernon\nout of 81⁄2 years of war, Washington was\neager to return home. He arrived on']",False,10,3,3,3,1.6993532180786133,0.5338500738143921,single_hop_specifc_query_synthesizer,500,30
What significance did Ferry Farm hold in George Washington's early life according to his family's history?,"Original Answer: Ferry Farm held significant importance in George Washington's early life according to his family's history. It was the family's home near Fredericksburg, Virginia, where he inherited half of a poor 4300-acre tract and ten slaves from his father Augustine Washington. Additionally, it was at Ferry Farm that young George learned to farm and ride horses.","['••Then he moved to Then he moved to Ferry FarmsFerry Farms ..While he lived at Ferry Farms he While he lived at Ferry Farms he \nlearned to farm he also learned to ride horses. When George was learned to farm he also learned to ride horses. When George was \neleven his father died.eleven his father died.\n••After that he went to live with his brother After that he went to live with his brother LawrenceLawrence ..With With', 'Jersey campaign\nPhiladelphia campaign\nYorktown campaign\nNorthwest Indian War\nWhiskey Rebellionrarely mentioned him in later years; he had a fractious\nrelationship with his mother .[6] Among his siblings, he\nwas particularly close to his older half-brother\nLawrence .[7]\nThe family moved to a plantation on Little Hunting\nCreek  in 1735 before settling at Ferry Farm  near\nFredericksbur g, Virginia , in 1738. When Augustine\ndied in 1743, Washington inherited Ferry Farm and ten', '••Young George received Ferry Farm, half of a poor 4300 acre tract Young George received Ferry Farm, half of a poor 4300 acre tract , , \n10 slaves, and 3 lots in Fredericksburg; but his mother was to 10 slaves, and 3 lots in Fredericksburg; but his mother was to \nadminister all of this property until he administer all of this property until he ““came of agecame of age ””to her to her \nsatisfaction. satisfaction.']",False,10,3,3,3,1.7063014507293701,0.5628155469894409,single_hop_specifc_query_synthesizer,500,30
What was the significance of Cartagena in Lawrence Washington's military service?,Original Answer:  I don't know. The provided context does not mention any military service of Lawrence Washington in Cartagena.,"[""Washington the Soldier, an 1834 portrait of\nWashington on horseback during the Battle of the\nMonongahelaThe rest of the Virginia Regiment joined Washington\nthe following month with news that he had been\npromoted to the rank of colonel and given command\nof the full regiment. They were reinforced by an\nindependent company of a hundred South Carolinians\nled by Captain James Mackay ; his royal commission\noutranked Washington's and a conflict of command"", 'military career military career \nPainting of Lawrence Painting of Lawrence \nWashington (1718Washington (1718 --52)52)', 'independence .\nBorn in the Colony of Virginia , Washington became\nthe commander of the Virginia Regiment  during the\nFrench and Indian War (1754–1763). He was later\nelected to the Virginia House of Burgesses , and\nopposed the perceived oppression of the American\ncolonists by the British Crown. When the American\nRevolutionary War against the British began in 1775,\nWashington was appointed commander -in-chief of the\nContinental Army . He directed a poorly organized and']",False,10,3,3,3,1.0801949501037598,0.3196585178375244,single_hop_specifc_query_synthesizer,500,30
Wut was George Washingtons conection to the Shenandoah Valley?,"Original Answer:  George Washington's connection to the Shenandoah Valley was that he lived and worked there as a surveyor for the Fairfax family. He also became captivated with his wealthy neighbor's young bride, George William Fairfax, during this time.","['had received from King Charles II in 1649. The surveying trip took Washington into the \nShenandoah Valley, and it was here that he first became accustomed to life in the wild —\neven as he simultaneously sought to fit into polite society back home. For the next several \nyears, George  worked as a surveyor for the Fairfax family, and by the time he turned 21 \nhad accumulated nearly 2,500 acres of his own in the Shenandoah Valley.  \n \nEarly Military Career', '••During this same period George became captivated During this same period George became captivated \nwith the young bride of his wealthy neighbor and camp with the young bride of his wealthy neighbor and camp \nmate, George William Fairfax.  mate, George William Fairfax.  \n••Just after their return from the reconnaissance of the Just after their return from the reconnaissance of the \nShenandoah Valley in 1748, Shenandoah Valley in 1748, George FairfaxGeorge Fairfax married married', 'Mountains, including the unsettled lands of Mountains, including the unsettled lands of \nthe Shenandoah Valley.  the Shenandoah Valley.  \nGeorge William Fairfax (1724-87) OFF TO THE OFF TO THE \nFRONTIER AT FRONTIER AT \nAGE 16AGE 16']",False,10,3,3,3,1.9065372943878174,0.6290531158447266,single_hop_specifc_query_synthesizer,500,30
What role did the Mississippi River play in the territorial disputes between the French and English in 1753?,"Original Answer: The Mississippi River did not play a significant role in the territorial disputes between the French and English in 1753. The main focus of the dispute was over land claimed by the British on the Ohio River and Lake Erie, which the French were also occupying.","['••In In May 1756May 1756 the English declared war on France and in the colonies the English declared war on France and in the colonies \nthis became known as the this became known as the ““French & Indian WarFrench & Indian War ””,,whereupon the whereupon the \nFrench Province of Canada fell to the English.   French Province of Canada fell to the English.   \n••Washington hoped his efforts would secure him a commission in thWashington hoped his efforts would secure him a commission in th e e', '••In In October 1753October 1753 Virginia Governor Dinwiddie rece ived word from King George Virginia Governor Dinwiddie rece ived word from King George \nII to proceed with building Engl ish forts on the Ohio River and II to proceed with building Engl ish forts on the Ohio River and to send a to send a \nmission to determine whether the French were intruding on Englismission to determine whether the French were intruding on Englis h soil.  He h soil.  He', 'river and Lake Erie .[17]\nIn October 1753, Dinwiddie appointed Washington as a special envoy  to demand the French forces vacate\nland that was claimed by the British. Washington was also directed to make peace with the Iroquois\nConfederacy  and to gather intelligence about the French forces.[18] Washington met with Iroquois leader\nTanacharison  at Logstown .[19] Washington said that at this meeting Tanacharison named him']",False,10,3,3,3,1.6076545715332031,0.4537787139415741,single_hop_specifc_query_synthesizer,500,30
Could you provide a detailed account of George Fairfax's role and significance during George Washington's 1754 mission to report back to the Colonial government in Williamsburg?,Original Answer:  I don't know.,"['••In March 1748 16In March 1748 16 --yr old George Washington yr old George Washington \nand George William Fairfax (23), the son of and George William Fairfax (23), the son of \nColonel Fairfax, accompanied a professional Colonel Fairfax, accompanied a professional \nsurveyor charged with mapping the Fairfax surveyor charged with mapping the Fairfax \nland holdings west of the Blue Ridge land holdings west of the Blue Ridge', 'had received from King Charles II in 1649. The surveying trip took Washington into the \nShenandoah Valley, and it was here that he first became accustomed to life in the wild —\neven as he simultaneously sought to fit into polite society back home. For the next several \nyears, George  worked as a surveyor for the Fairfax family, and by the time he turned 21 \nhad accumulated nearly 2,500 acres of his own in the Shenandoah Valley.  \n \nEarly Military Career', '••Young Washington and George Fairfax spent a month surveying, Young Washington and George Fairfax spent a month surveying, \ncamping, hunting, cooking over op en firers and observing Indian camping, hunting, cooking over op en firers and observing Indian \nwar dances.war dances.\n••This taste of the raw frontier was the galvanizing experience ofThis taste of the raw frontier was the galvanizing experience of']",False,10,3,3,3,0.8892836570739746,0.5036346316337585,single_hop_specifc_query_synthesizer,500,30
Could you explain Governor Dinwiddie's reaction to the surrender of Fort Necessity and how the surrender document affected his position during the early conflicts with the French?,"Original Answer: Governor Dinwiddie's reaction to the surrender of Fort Necessity was likely one of concern and disappointment. The French attack on the fort, which resulted in Washington's surrender, posed a significant threat to the British colonies and their efforts to resist French expansion. As the governor of Virginia, Dinwiddie was responsible for ensuring the safety and security of his colony and its inhabitants.","['Le Boeuf, arriving at the fort (in present day northwest Pennsylvania) in mid -December. \nThe French were not keen to obey Washington’s request that they leave, and Washington \nhurri edly returned to Williamsburg to report the news. Presenting Governor Dinwiddie \nwith the French reply, along with his own estimates of French military power and a \ndetailed journal of the expedition, Washington impressed his superiors with the diligence', 'ensued. On July 3, 900 French soldiers attacked Fort\nNecessity , and the ensuing battle  ended in\nWashington\'s surrender .[28] Washington did not speak\nFrench, but signed a surrender document in which he\nunwittingly took responsibility for ""assassinating""\nJumonville, later blaming the translator for not\nproperly translating it.[29] The Virginia Regiment was\ndivided and Washington was offered a captaincy in', '••He advised Governor Dinwiddie by  letter that their force might s He advised Governor Dinwiddie by  letter that their force might s oon be oon be \nannihilated by the French, promis ing that the Virginians would s annihilated by the French, promis ing that the Virginians would s tand tand \ntheir ground and do their duty, wh atever fate pressed upon them. their ground and do their duty, wh atever fate pressed upon them.']",False,10,3,3,3,2.8009393215179443,0.5020149350166321,single_hop_specifc_query_synthesizer,500,30
What role did North Carilina play in the mobilizashun of militias during the French & Indian War?,"Original Answer: North Carolina played a role in the mobilization of militias during the French & Indian War by contributing troops to the combined forces of Maryland, Virginia, and North Carolina. However, the context does not provide specific details on the number of troops contributed or their involvement in the war effort.","['Breakup of the Virginia Breakup of the Virginia \nRegiment and Regiment and \nresignation on eve of resignation on eve of \nFrench & Indian WarFrench & Indian War\n••On the heels of the Fort Necessity fiasco came the On the heels of the Fort Necessity fiasco came the \nmobilization of state militias called by the governors mobilization of state militias called by the governors \nof Maryland, Virginia and North Carolina to combine of Maryland, Virginia and North Carolina to combine', 'By June 1780, the British had occupied the South Carolina\nPiedmont  and had firm control of the South. Washington was\nreinvigorated, however , when Lafayette  returned from France\nwith more ships, men, and supplies,[133] and 5,000 veteran\nFrench troops led by Marshal Rochambeau  arrived at\nNewport, Rhode Island  in July .[134]\nGeneral Clinton sent Arnold, now a British brigadier general,\nto Virginia in December with 1,700 troops to capture', ""Map showing key locations in the French and\nIndian WarLawrence Washington's service as adjutant general of the Virginia militia  inspired Geor ge to seek a\nmilitia commission . Virginia's lieutenant governor , Robert Dinwiddie , appointed Washington as a major\nand commander of one of the four milit ia districts. The British and French were competing for control of\nthe Ohio River Valley : the British were constructing forts along the river, and the French between the\nriver and Lake Erie .[17]""]",False,10,3,3,3,1.508702278137207,0.4836464524269104,single_hop_specifc_query_synthesizer,500,30
"Could you provide a detailed account of Washington's role and experiences during the Braddock Expedition, highlighting the challenges he faced and his contributions to the campaign?","Original Answer: During the Braddock Expedition, Washington played a crucial role as a scout and guide for the British General Edward Braddock. He was responsible for leading the group through the Allegheny Mountains, which proved to be a dangerous journey due to the harsh winter conditions and the presence of hostile Native American tribes.","['Famous Roster of ParticipantsFamous Roster of Participants\n••The Braddock Expedition included The Braddock Expedition included \nWashingtonWashington , Daniel Boone, , Daniel Boone, MajMajHoratio Horatio \nGatesGates , , MajMajThomas GageThomas Gage , Christopher Gist, , Christopher Gist, \nDr. James Dr. James CraikCraik , , Daniel MorganDaniel Morgan , , CptCpt. Roger . Roger \nMorris, George Morris, George CroghanCroghan , , Adam StephenAdam Stephen , ,', 'British General Edward Bra ddock. After a disastrous expedition in which Braddock was \nkilled along with much of his fighting force, Washington —who had two horses shot out \nfrom under him and four bullets tear through his hat and clothes —was hailed as a hero \nfor his courageous actions  during the battle. Soon he was made a colonel in the Virginia \nmilitia and commander in chief of all forces raised in Virginia, overseeing about 1,500', 'DANGEROUS JOURNEYDANGEROUS JOURNEY\n••Washington experienced many Washington experienced many \nhardships in retracing his steps hardships in retracing his steps \nback across the Alleghenies back across the Alleghenies \nduring the winter, it snowing during the winter, it snowing \nalmost the entire time.  almost the entire time.  \n••He and William Gist were He and William Gist were \nambushed by a traitorous Indian ambushed by a traitorous Indian']",False,10,3,3,3,2.887572765350342,0.6474758386611938,single_hop_specifc_query_synthesizer,500,30
What role Fort Duquesne play in Washington's 4th trip?,"Original Answer: Fort Duquesne played a significant role in Washington's 4th trip as it was the objective of the British army to take the fort and drive the French out of the Ohio River Valley. Washington offered his services to General Edward Braddock, who appointed him colonel in charge of 450 colonial soldiers. However, before Washington arrived at Fort Duquesne, he learned that the French had already captured it and renamed it Fort Duquesne (/doo*kayn/).","['the Ohio River. Washington was to join forces with the British \nsoldiers at the fort. Before he arrived, Washington learned that the French had already captured the British fort and renamed it Fort Duquesne (/doo*kayn/).\nIn time, George Washington would \nbecome a great general , but in 1754, he', ""Duquesne.[41][31] General John Forbes  took Washington's advice on some aspects of the expedition but\nrejected his opinion on the best route to the fort.[42] Forbes nevertheless made Washington a brevet\nbrigadier general and gave him comma nd of one of the three brigades that was assigned to assault the"", '34Fighting in the Woods\nThe British were determined to take Fort \nDuquesne and drive the French out of the Ohio River Valley. In 1755, they sent General Edward Braddock with 2,200 soldiers from \nthe British army to do the job. Eager to join \nBraddock’s army and return to Fort Duquesne, George Washington offered his services to the British general. Braddock appointed the eager young Virginian to the position of colonel  (/ker*null/). \nWashington was put in charge of 450 colonial soldiers.']",False,10,3,3,3,1.915959119796753,0.5439449548721313,single_hop_specifc_query_synthesizer,500,30
how george washington early military career and washington expedition to ohio country show his rise to fame and military skill?,"Original Answer: George Washington's early military career and his expedition to Ohio country showcased his rise to fame and military skill. His reports from the French and Indian War were published in newspapers across the Colonies and Great Britain, making him instantly famous and setting the stage for the soon-to-come French and Indian War. Additionally, his leadership of a small group of militiamen and Mingo Iroquois warriors into the wilderness demonstrated his military prowess and further solidified his reputation as a skilled commander.","['Preceded by Office established\nGeorge Washington\nGeorge Washington  (February 22, 1732 [O.S.\nFebruary 11, 1731][a] – December 14, 1799) was a\nFounding Father  and the first president of the United\nStates , serving from 1789 to 1797. As commander of\nthe Continental Army , Washington led Patriot  forces to\nvictory in the American Revolutionary War against the\nBritish Empire . He is commonly known as the Father\nof His Country  for his role in bringing about American\nindependence .', 'with which he undertook the mission. His reports were soon published in newspapers \nacross the Colonies and in Great Britain, making the young George Washington instantly \nfamous —and setting the stage for the soon -to-come French and Indian War.  \n \nA few months l ater, the now -Lieutenant Colonel Washington led about a hundred \nmilitiamen and a number of Mingo Iroquois warriors back into the wilderness, this time', 'On July 3, 1775, George Washington took command of \nthe Continental Army. \n85man to lead the Continental Army, as it came to be called. He had \ngained his military experience in the French and Indian War. After that, he returned to Mount Vernon, Virginia, to run his plantation. He was a member of the Virginia House of Burgesses\xa0and a supporter of \nthe Patriot cause. He was also among\xa0the best-known and wealthiest']",False,10,3,3,3,2.091644525527954,0.6797415614128113,multi_hop_abstract_query_synthesizer,500,30
How did George Washington's early military leadership during the French and Indian War demonstrate his ability to manage diverse troops and respond to the French threat?,"Original Answer:  George Washington's early military leadership during the French and Indian War demonstrated his ability to manage diverse troops and respond to the French threat by leading a small force of Virginians and Indian allies in an ambush that killed the French, including their commander Joseph Coulon de Jumonville. This event showed Washington's willingness to take risks and make bold decisions in response to the perceived threat from the British Crown. Additionally, his ability to rally support from Europeans like von Steuben and Lafayette further demonstrated his leadership skills and his commitment to the American cause.","['independence .\nBorn in the Colony of Virginia , Washington became\nthe commander of the Virginia Regiment  during the\nFrench and Indian War (1754–1763). He was later\nelected to the Virginia House of Burgesses , and\nopposed the perceived oppression of the American\ncolonists by the British Crown. When the American\nRevolutionary War against the British began in 1775,\nWashington was appointed commander -in-chief of the\nContinental Army . He directed a poorly organized and', 'By spring, General Washington had a well-trained army for the very first time.\nVon Steuben was only one of a number of \nEuropeans inspired to help the American \ncause. Another was a nineteen-year-old \nFrenchman named the Marquis (/mar*key/) de Lafayette. As soon as he heard that fighting had begun in America, Lafayette joined the Americans. “I am persuaded,” he said,\xa0“that the human race was created to be free, and that I am born\xa0to serve that cause.” Washington took a liking to this daring', 'only about 50 men, so on May 28 Washington\ncommanded an ambush . His small force of Virginians\nand Indian allies[c][26] killed the French, including\ntheir commander Joseph Coulon de Jumonville , who\nhad been carrying a diplomatic message for the\nBritish. The French later found their countrymen dead\nand scalped , blaming Washington, who had retreat ed\nto Fort Necessity .[27]Colonial military car eer (1752–1758)\nFrench and Indian War']",False,10,3,3,3,2.111097574234009,0.5205785036087036,multi_hop_abstract_query_synthesizer,500,30
"How did George Washington's early military career, including his ambush of the French diplomatic mission and his role in the Braddock Expedition, reflect the conflict between British and French forces in the Ohio Valley?","Original Answer:  George Washington's early military career, including his ambush of the French diplomatic mission and his role in the Braddock Expedition, reflected the conflict between British and French forces in the Ohio Valley. His ambush of the French diplomatic mission was a direct result of the tensions between the two powers, as the British had ordered that ""colonials"" could not be ranked any higher than captain. This restriction was seen as an affront to the colonists, who were fighting for their rights and independence from British rule. Washington's role in the Braddock Expedition was also significant, as it demonstrated his willingness to fight against the French forces in order to protect the interests of the British Empire. Overall, Washington's early military career was marked by a desire to defend the rights of the colonists and to resist the encroachment of the British Empire into the Ohio Valley region.","['one of the newly formed regiments. He refused, as it would have been a demotion—the British had\nordered that ""colonials"" could not be ranked any higher than captain—and instead resigned his\ncommission.[30][31] The Jumonville affair became the incident which ignited the French and Indian\nWar.[32]\nIn 1755, Washington volunteered as an aide to General Edward Braddock , who led a British expedition  to\nexpel the French from Fort Duquesne and the Ohio Country .[33] On Washington\'s recommendation,', '34Fighting in the Woods\nThe British were determined to take Fort \nDuquesne and drive the French out of the Ohio River Valley. In 1755, they sent General Edward Braddock with 2,200 soldiers from \nthe British army to do the job. Eager to join \nBraddock’s army and return to Fort Duquesne, George Washington offered his services to the British general. Braddock appointed the eager young Virginian to the position of colonel  (/ker*null/). \nWashington was put in charge of 450 colonial soldiers.', '••WashingtonWashington ’’s mission was to request the French to peaceably s mission was to request the French to peaceably \ndepart the Ohio Valley region, wh ere they were constructing a depart the Ohio Valley region, wh ere they were constructing a \nstring of protective forts.  string of protective forts.  \nThomas JefferyThomas Jeffery ’’s 1753 map of Ohio Valleys 1753 map of Ohio Valley']",False,10,3,3,3,2.874796152114868,0.5202344059944153,multi_hop_abstract_query_synthesizer,500,30
"Hw did George Wash-ing-ton's early military leadership dur-ing the French and Indian War show his skills in mil-i-tary strategy and tactics, especially in his relations and negotiations with Native Americans?","Original Answer:  George Washington's early military leadership during the French and Indian War showed his skills in military strategy and tactics, especially in his relations and negotiations with Native Americans. He was able to successfully lead his troops against the British and their allies, including the Native Americans, by using a combination of diplomacy and force. Washington was able to build alliances with some Native American tribes while also being able to defeat others through military action. This demonstrated his ability to understand and navigate complex political and military situations, as well as his willingness to adapt his tactics based on the specific circumstances of each situation.","['On July 3, 1775, George Washington took command of \nthe Continental Army. \n85man to lead the Continental Army, as it came to be called. He had \ngained his military experience in the French and Indian War. After that, he returned to Mount Vernon, Virginia, to run his plantation. He was a member of the Virginia House of Burgesses\xa0and a supporter of \nthe Patriot cause. He was also among\xa0the best-known and wealthiest', 'his untrained troops were no match for the experienced British army head-on in a battle. Washington’s plan for winning the war required patience. Instead of taking on the British directly, Washington’s strategy was like Thomas Paine’s checkerboard. He would keep the Continental Army moving. They would stop \nand fight the British now and then, but they would not get into a \nmajor battle. This way, Washington could buy time to build and train his army.', 'By spring, General Washington had a well-trained army for the very first time.\nVon Steuben was only one of a number of \nEuropeans inspired to help the American \ncause. Another was a nineteen-year-old \nFrenchman named the Marquis (/mar*key/) de Lafayette. As soon as he heard that fighting had begun in America, Lafayette joined the Americans. “I am persuaded,” he said,\xa0“that the human race was created to be free, and that I am born\xa0to serve that cause.” Washington took a liking to this daring']",False,10,3,3,3,2.325986862182617,0.48088744282722473,multi_hop_abstract_query_synthesizer,500,30
how george washington early military career and his diplomatic mission to french and iroquois show his importance in ohio valley conflict?,"Original Answer:  George Washington's early military career and his diplomatic mission to the French and Iroquois show his importance in the Ohio Valley conflict by demonstrating his leadership skills, strategic thinking, and ability to navigate complex political and cultural situations. Through his successful diplomatic efforts, he was able to establish peaceful relations with the Iroquois Confederacy and persuade the French to vacate their forts in the region, ultimately contributing to the resolution of the conflict. Additionally, Washington's military experience and leadership abilities were crucial in navigating the harsh conditions of the Ohio wilderness and successfully completing his mission.","['••WashingtonWashington ’’s mission was to request the French to peaceably s mission was to request the French to peaceably \ndepart the Ohio Valley region, wh ere they were constructing a depart the Ohio Valley region, wh ere they were constructing a \nstring of protective forts.  string of protective forts.  \nThomas JefferyThomas Jeffery ’’s 1753 map of Ohio Valleys 1753 map of Ohio Valley', 'in an order signed by King George II, “strictly charge[d] and command[ed] . . . to drive \nthem off by force of arms.”5  \n \nJoined by a  small band of outdoorsmen and a French interpreter, Washington set off \ninto the Ohio wilderness, where he quickly became plagued by miserably cold weather \nand freezing rain. Nevertheless, he made contact with local Iroquois Indians, who guided \nWashington to a French trading post; from there, they made their way to the French Fort', 'river and Lake Erie .[17]\nIn October 1753, Dinwiddie appointed Washington as a special envoy  to demand the French forces vacate\nland that was claimed by the British. Washington was also directed to make peace with the Iroquois\nConfederacy  and to gather intelligence about the French forces.[18] Washington met with Iroquois leader\nTanacharison  at Logstown .[19] Washington said that at this meeting Tanacharison named him']",False,10,3,3,3,2.398346185684204,0.5421968698501587,multi_hop_abstract_query_synthesizer,500,30
"How did George Washington's early military leadership during the French and Indian War, including his relations and negotiations with Native Americans, influence his development of military strategy and tactics to address the challenges of frontier warfare and logistics?","Original Answer:  George Washington's early military leadership during the French and Indian War, including his relations and negotiations with Native Americans, influenced his development of military strategy and tactics to address the challenges of frontier warfare and logistics by teaching him the importance of adaptability and flexibility in military operations. Washington learned that direct confrontation with the British army was not always successful, and he needed to adopt a more strategic approach to win the war. His interactions with Native Americans also taught him about the importance of building alliances and forming coalitions to achieve common goals. This knowledge helped him develop a plan for winning the American Revolutionary War by keeping the Continental Army moving and avoiding major battles until his troops were better trained and equipped.","['independence .\nBorn in the Colony of Virginia , Washington became\nthe commander of the Virginia Regiment  during the\nFrench and Indian War (1754–1763). He was later\nelected to the Virginia House of Burgesses , and\nopposed the perceived oppression of the American\ncolonists by the British Crown. When the American\nRevolutionary War against the British began in 1775,\nWashington was appointed commander -in-chief of the\nContinental Army . He directed a poorly organized and', 'his untrained troops were no match for the experienced British army head-on in a battle. Washington’s plan for winning the war required patience. Instead of taking on the British directly, Washington’s strategy was like Thomas Paine’s checkerboard. He would keep the Continental Army moving. They would stop \nand fight the British now and then, but they would not get into a \nmajor battle. This way, Washington could buy time to build and train his army.', 'By spring, General Washington had a well-trained army for the very first time.\nVon Steuben was only one of a number of \nEuropeans inspired to help the American \ncause. Another was a nineteen-year-old \nFrenchman named the Marquis (/mar*key/) de Lafayette. As soon as he heard that fighting had begun in America, Lafayette joined the Americans. “I am persuaded,” he said,\xa0“that the human race was created to be free, and that I am born\xa0to serve that cause.” Washington took a liking to this daring']",False,10,3,3,3,2.5693399906158447,0.4966907501220703,multi_hop_abstract_query_synthesizer,500,30
"how did george washington show early military leadership by managing raw troops and negotiating with native americans during the french and indian war, especially given the challenges of frontier warfare and logistics?","Original Answer: George Washington demonstrated early military leadership during the French and Indian War by managing raw troops and negotiating with Native Americans through his ability to adapt to the challenges of frontier warfare and logistics. He was able to effectively communicate with the Native Americans, understand their customs and beliefs, and establish alliances with them in order to gain an advantage in battle. Additionally, Washington's experience as a surveyor and his knowledge of the terrain allowed him to make strategic decisions on the battlefield. Despite the difficulties of managing raw troops and navigating the harsh conditions of the frontier, Washington was able to lead his troops to victory through his strong leadership skills and strategic thinking.","['••Young Washington and George Fairfax spent a month surveying, Young Washington and George Fairfax spent a month surveying, \ncamping, hunting, cooking over op en firers and observing Indian camping, hunting, cooking over op en firers and observing Indian \nwar dances.war dances.\n••This taste of the raw frontier was the galvanizing experience ofThis taste of the raw frontier was the galvanizing experience of', 'independence .\nBorn in the Colony of Virginia , Washington became\nthe commander of the Virginia Regiment  during the\nFrench and Indian War (1754–1763). He was later\nelected to the Virginia House of Burgesses , and\nopposed the perceived oppression of the American\ncolonists by the British Crown. When the American\nRevolutionary War against the British began in 1775,\nWashington was appointed commander -in-chief of the\nContinental Army . He directed a poorly organized and', 'On July 3, 1775, George Washington took command of \nthe Continental Army. \n85man to lead the Continental Army, as it came to be called. He had \ngained his military experience in the French and Indian War. After that, he returned to Mount Vernon, Virginia, to run his plantation. He was a member of the Virginia House of Burgesses\xa0and a supporter of \nthe Patriot cause. He was also among\xa0the best-known and wealthiest']",False,10,3,3,3,2.4317808151245117,0.5846792459487915,multi_hop_abstract_query_synthesizer,500,30
"How did George Washington's early military leadership demonstrate effective military strategy and tactics in the conflict between French and British forces, particularly in relation to his negotiations and relations with Native Americans during the challenges of frontier warfare and logistics?","Original Answer:  George Washington's early military leadership demonstrated effective military strategy and tactics in the conflict between French and British forces by adopting a checkerboard approach to warfare. Instead of taking on the British directly, he would keep his troops moving and stop to fight only when necessary. This allowed him to buy time to build and train his army, ultimately leading to victory in the American Revolutionary War. In relation to his negotiations and relations with Native Americans during the challenges of frontier warfare and logistics, Washington demonstrated effective leadership by working with them to gain their support and resources, while also respecting their sovereignty and cultural traditions.","['his untrained troops were no match for the experienced British army head-on in a battle. Washington’s plan for winning the war required patience. Instead of taking on the British directly, Washington’s strategy was like Thomas Paine’s checkerboard. He would keep the Continental Army moving. They would stop \nand fight the British now and then, but they would not get into a \nmajor battle. This way, Washington could buy time to build and train his army.', 'independence .\nBorn in the Colony of Virginia , Washington became\nthe commander of the Virginia Regiment  during the\nFrench and Indian War (1754–1763). He was later\nelected to the Virginia House of Burgesses , and\nopposed the perceived oppression of the American\ncolonists by the British Crown. When the American\nRevolutionary War against the British began in 1775,\nWashington was appointed commander -in-chief of the\nContinental Army . He directed a poorly organized and', 'By spring, General Washington had a well-trained army for the very first time.\nVon Steuben was only one of a number of \nEuropeans inspired to help the American \ncause. Another was a nineteen-year-old \nFrenchman named the Marquis (/mar*key/) de Lafayette. As soon as he heard that fighting had begun in America, Lafayette joined the Americans. “I am persuaded,” he said,\xa0“that the human race was created to be free, and that I am born\xa0to serve that cause.” Washington took a liking to this daring']",False,10,3,3,3,2.5716781616210938,0.5161478519439697,multi_hop_abstract_query_synthesizer,500,30
why washington warn us about permanent foreign alliances and how he say we should keep neutrality in foreign policy in his farewell address?,"Original Answer: Washington warned against permanent foreign alliances and advised neutrality in foreign policy because he believed that such actions would be subversive of America's national interest. He recognized the necessity of temporary associations for extraordinary emergencies, but he cautioned against establishing long-term connections with other countries as they could lead to political parties becoming entangled with domestic affairs. Washington emphasized the importance of maintaining a strong sense of national identity and advised that the ""name of AMERICAN... must always exalt the just pride of patriotism."" He also warned against involvement in European wars, believing that it would be detrimental to America's interests.","['On April 22, 1793, after the French Revolutionary Wars broke out, Washington issued a proclamation\ndeclaring American neutrality . He was resolved to pursue ""a conduct friendly and impartial toward the\nbelligerent Powers"" while warning Americans not to intervene in the conflict.[204] Although Washington\nrecognized France\'s revolutionary gover nment, he eventually asked that the French minister to the United', 'the seeds of the nation’s de-struction through petty factionalism. Although Washington was in nosense the father of American isolationism, since he recognized the ne-cessity of temporary associations for “extraordinary emergencies,” he did counsel against the establishment of “permanent alliances with other countries,” connections that he warned would inevitably be sub-versive of America’s national interest.', 'The Lansdowne portrait (1796)Washington stressed that national identity was paramount, and said that the ""nam e of AMERICAN... must\nalways exalt the just pride of patriotism"".[226] Washington warned against the dangers of political parties\nand entangling foreign alliances with domestic affairs.[227] He counseled friendship and commerce  with\nall nations, but advised against involvement in European wars.[228] He stressed the importance of']",False,10,3,3,3,2.320201873779297,0.6626918315887451,multi_hop_abstract_query_synthesizer,500,30
"How did George Washington's 1754 expedition to the Ohio Valley, including the conflict with French forces and the construction of Fort Necessity, influence his military rank and subsequent role in the French and Indian War, considering Governor Dinwiddie's mission and the political ramifications of Jumonville's death?","Original Answer: George Washington's 1754 expedition to the Ohio Valley, including the conflict with French forces and the construction of Fort Necessity, did not directly influence his military rank or subsequent role in the French and Indian War. However, it did raise his profile both in the Colonies and abroad, though not in the way he desired. Governor Dinwiddie's mission was to negotiate with the French for a peaceful resolution to the conflict over control of the Ohio River Valley, but the failed expedition ultimately led to the outbreak of the war. The political ramifications of Jumonville's death, including the British government's decision to order that ""colonials"" could not be ranked any higher than captain, also played a role in Washington's decision to resign his commission and volunteer as an aide to General Edward Braddock.","[""Map showing key locations in the French and\nIndian WarLawrence Washington's service as adjutant general of the Virginia militia  inspired Geor ge to seek a\nmilitia commission . Virginia's lieutenant governor , Robert Dinwiddie , appointed Washington as a major\nand commander of one of the four milit ia districts. The British and French were competing for control of\nthe Ohio River Valley : the British were constructing forts along the river, and the French between the\nriver and Lake Erie .[17]"", 'one of the newly formed regiments. He refused, as it would have been a demotion—the British had\nordered that ""colonials"" could not be ranked any higher than captain—and instead resigned his\ncommission.[30][31] The Jumonville affair became the incident which ignited the French and Indian\nWar.[32]\nIn 1755, Washington volunteered as an aide to General Edward Braddock , who led a British expedition  to\nexpel the French from Fort Duquesne and the Ohio Country .[33] On Washington\'s recommendation,', 'labeled Fort Necessity. On July 3, 1754, the French finally attacked, killing a third of \nWashington’s soldiers while only suffering three dead of their own. By nightfall, the \nFrench c ommander —who was the fallen Jumonville’s brother —accepted Washington’s \nsurrender and allowed him and his men to return to Virginia.  \n \nThe failed expedition raised Washington’s profile both in the Colonies and abroad, \nthough not in the way the ambitious you ng officer desired: while many Americans']",False,10,3,3,3,2.8896477222442627,0.4656168818473816,multi_hop_abstract_query_synthesizer,500,30
"How did George Washington's early military career, including his ambush of the French diplomatic mission and his role in the Braddock Expedition, reflect the conflict between British and French forces in the Ohio Valley?","Original Answer:  George Washington's early military career, including his ambush of the French diplomatic mission and his role in the Braddock Expedition, reflected the conflict between British and French forces in the Ohio Valley. His ambush of the French diplomatic mission was a direct result of the tensions between the two powers, as the British had ordered that ""colonials"" could not be ranked any higher than captain. This restriction was seen as an affront to the colonists, who were fighting for their rights and independence from British rule. Washington's role in the Braddock Expedition was also significant, as it demonstrated his willingness to fight against the French forces in order to protect the interests of the British Empire. Overall, Washington's early military career was marked by a desire to defend the rights of the colonists and to resist the encroachment of the British Empire into the Ohio Valley region.","['one of the newly formed regiments. He refused, as it would have been a demotion—the British had\nordered that ""colonials"" could not be ranked any higher than captain—and instead resigned his\ncommission.[30][31] The Jumonville affair became the incident which ignited the French and Indian\nWar.[32]\nIn 1755, Washington volunteered as an aide to General Edward Braddock , who led a British expedition  to\nexpel the French from Fort Duquesne and the Ohio Country .[33] On Washington\'s recommendation,', '34Fighting in the Woods\nThe British were determined to take Fort \nDuquesne and drive the French out of the Ohio River Valley. In 1755, they sent General Edward Braddock with 2,200 soldiers from \nthe British army to do the job. Eager to join \nBraddock’s army and return to Fort Duquesne, George Washington offered his services to the British general. Braddock appointed the eager young Virginian to the position of colonel  (/ker*null/). \nWashington was put in charge of 450 colonial soldiers.', '••WashingtonWashington ’’s mission was to request the French to peaceably s mission was to request the French to peaceably \ndepart the Ohio Valley region, wh ere they were constructing a depart the Ohio Valley region, wh ere they were constructing a \nstring of protective forts.  string of protective forts.  \nThomas JefferyThomas Jeffery ’’s 1753 map of Ohio Valleys 1753 map of Ohio Valley']",False,10,3,3,3,2.7953476905822754,0.5202344059944153,multi_hop_abstract_query_synthesizer,500,30
"How did George Washington's appointment as Commander in Chief influence his approach to military leadership, including army reforms and discipline, in the context of the Declaration of Independence?","Original Answer:  George Washington's appointment as Commander in Chief influenced his approach to military leadership by prompting him to prioritize discipline and reform within the Continental Army. This was necessary for the army to be effective against the British, who were considered a formidable military force at the time. Washington recognized the importance of maintaining order and strict discipline among the soldiers, which he achieved through implementing military drills and imposing disciplinary measures. Additionally, his appointment as Commander in Chief gave him the authority to make decisions that would ultimately benefit the army and the cause of independence.","['Continental Congress  in Philadelphia .[68] On June 14,\nCongress created the Continental Army  and John Adams\nnominated Washington as its commander -in-chief , mainly\nbecause of his military experience and the belief that a\nVirginian would better unite the colonies. He was\nunanimously elected by Congress the next day.[f][70]\nWashington gave an acceptance speech on June 16, declining\na salary , though he was later reimbursed expenses.[71]', '••At the At the Second Continental Congress in 1775Second Continental Congress in 1775 John Adams John Adams \nnominated Washington to serve as Commandernominated Washington to serve as Commander --inin--Chief of the Chief of the \nragtag American Army fighting the British in the Boston area, thragtag American Army fighting the British in the Boston area, th e e \nmost powerful military machine in the world.  most powerful military machine in the world.', ""greeted by cheering crowds and politica l ceremony; he became a symbol of the Patriot  cause.[79] Upon\nWashington's arrival on July 2, he went to inspect the army , but found undis ciplined militia.[80] After\nconsultation, he initiated Benjamin Franklin 's suggested reforms, instituting military drills and imposing\nstrict disciplinary measures.[81] Washington promoted some of the soldiers who had performed well at""]",False,10,3,3,3,2.3107857704162598,0.5755214095115662,multi_hop_abstract_query_synthesizer,500,30
how did george washington early military career including his diplomatic mission to the french and iroquois under governor dinwiddie's orders during the french and indian war contribute to the conflict escalation leading to military action in the ohio valley?,"Original Answer:  George Washington's early military career, including his diplomatic mission to the French and Iroquois under Governor Dinwiddie's orders during the French and Indian War, contributed to the conflict escalation leading to military action in the Ohio Valley by providing valuable intelligence about the French forces and their activities in the region. Washington's meeting with Tanacharison, the Iroquois leader, also helped him understand the complex political and military situation in the area and the potential threats posed by the French. Additionally, Washington's service as adjutant general of the Virginia militia inspired George to seek a militia commission, which further strengthened the British presence in the region and increased tensions with the French. Overall, Washington's actions and contributions played a significant role in shaping the early stages of the conflict and setting the stage for military action in the Ohio Valley.","['river and Lake Erie .[17]\nIn October 1753, Dinwiddie appointed Washington as a special envoy  to demand the French forces vacate\nland that was claimed by the British. Washington was also directed to make peace with the Iroquois\nConfederacy  and to gather intelligence about the French forces.[18] Washington met with Iroquois leader\nTanacharison  at Logstown .[19] Washington said that at this meeting Tanacharison named him', ""Map showing key locations in the French and\nIndian WarLawrence Washington's service as adjutant general of the Virginia militia  inspired Geor ge to seek a\nmilitia commission . Virginia's lieutenant governor , Robert Dinwiddie , appointed Washington as a major\nand commander of one of the four milit ia districts. The British and French were competing for control of\nthe Ohio River Valley : the British were constructing forts along the river, and the French between the\nriver and Lake Erie .[17]"", '••In In October 1753October 1753 Virginia Governor Dinwiddie rece ived word from King George Virginia Governor Dinwiddie rece ived word from King George \nII to proceed with building Engl ish forts on the Ohio River and II to proceed with building Engl ish forts on the Ohio River and to send a to send a \nmission to determine whether the French were intruding on Englismission to determine whether the French were intruding on Englis h soil.  He h soil.  He']",False,10,3,3,3,2.787389039993286,0.6298380494117737,multi_hop_abstract_query_synthesizer,500,30
"How did George Washington's early military career, including his ambush of the French diplomatic mission and his role in the Braddock Expedition, reflect the conflict between British and French forces during the mid-18th century?","Original Answer:  George Washington's early military career, including his ambush of the French diplomatic mission and his role in the Braddock Expedition, reflected the conflict between British and French forces during the mid-18th century. The Jumonville affair, which was sparked by Washington's ambush, became the incident that ignited the French and Indian War. Additionally, Washington's efforts to convince the British commanders to grant him a royal commission and his role in constructing defenses against the French showed the tension between the two sides. The refusal of the British commanders to grant Washington a royal commission and their reluctance to engage with the French further highlighted the conflict between the two powers.","['one of the newly formed regiments. He refused, as it would have been a demotion—the British had\nordered that ""colonials"" could not be ranked any higher than captain—and instead resigned his\ncommission.[30][31] The Jumonville affair became the incident which ignited the French and Indian\nWar.[32]\nIn 1755, Washington volunteered as an aide to General Edward Braddock , who led a British expedition  to\nexpel the French from Fort Duquesne and the Ohio Country .[33] On Washington\'s recommendation,', 'to confront the French. In an ambush by Washington against a French force of about 35 \nmen, a French envoy , Joseph Coulon de Villiers de Jumonville, who carried a message to \nthe British, was killed, setting off a diplomatic nightmare. (Washington claimed that the \nFrench were spying on his party and preparing to launch their own ambush.) Aware that \nthe French w ould retaliate, Washington swiftly began constructing defenses, which he', ""convinced Braddock would have granted him a royal commission and pressed his case in February 1756\nwith Braddock's successor as Commander -in-Chief , William Shirley , and again in January 1757 with\nShirley's successor , Lord Loudoun . Loudoun humiliated Washington, refused him a royal commission,\nand agreed only to relieve him of the responsibility of manning Fort Cumberland.[40]\nIn 1758, the Virginia Regiment was assigned to the British Forbes Expedition  to capture Fort""]",False,10,3,3,3,2.5206379890441895,0.5485163331031799,multi_hop_abstract_query_synthesizer,500,30
"How did George Washington's leadership during the siege of York-town, including the strategic positioning of troops and coordination with French forces, contribute to the decisive victory over Cornwallis?","Original Answer:  George Washington's leadership during the siege of Yorktown, including his strategic positioning of troops and coordination with French forces, contributed to the decisive victory over Cornwallis by keeping the British navy from helping Cornwallis and forcing him to surrender.","['••Yorktown will be remembered as WashingtonYorktown will be remembered as Washington ’’s one convincing defeat of s one convincing defeat of \nthe British forces.  Lord Genera l Charles Cornwallis was forced the British forces.  Lord Genera l Charles Cornwallis was forced to to \nsurrender 9,700 troops on October 17th, 1781.surrender 9,700 troops on October 17th, 1781.', 'Cornwallis. If the French fleet could get there in time, it could keep \nthe British navy from helping Cornwallis. Then Cornwallis would have to surrender. In one single victory, Washington might end the war! Yorktown was five hundred miles away. George Washington started his military career with a four-hundred-mile journey. That first journey ended in disappointment. This second opportunity could be the victory of a lifetime.\nIt took more than a month for the American and French armies to', 'Carolina border. At Kings Mountain, the Continental Army defeated a large Loyalist force. Cornwallis realized the British plan for the South would not work. He decided to move his army to Virginia. If he could \ndefeat the Continental Army in Virginia, he would crush the rebellion. \nIn the summer of 1781, Cornwallis chose a small Virginia town']",False,10,3,3,3,1.6814379692077637,0.5109881162643433,multi_hop_specific_query_synthesizer,500,30
"How did Sir Henry Clinton's leadership influence Benedict Arnold's treasonous plan to surrender West Point during the American Revolution, and what were the key events that led to the exposure of this scheme?","Original Answer: Sir Henry Clinton's leadership did not directly influence Benedict Arnold's treasonous plan to surrender West Point during the American Revolution. However, the key events that led to the exposure of this scheme were Washington's decision to recall the commanders positioned under Arnold at key points around the fort to prevent any complicity and his assumption of personal command at West Point. Additionally, the discovery of plans by André, who was captured by militia, played a significant role in exposing Arnold's treasonous plan.","['Battle of Saratoga. He had been promoted to general. His future in the American army was bright. In 1780, General Washington placed Benedict Arnold in command of West Point, a fort on the Hudson\xa0River.\nDespite his success, Benedict Arnold did not feel appreciated \nenough. He also liked to spend more money than he could afford on luxuries. So in exchange for a large sum of money, Arnold\xa0agreed to turn over West Point to the British.\nThe plot was discovered in time, but', ""American defensive position on the Hudson River .[129] On September 21, Arnold gave André plans to\ntake over the garrison.[130] André was captured by militia who discovered the plans, after which Arnold\nescaped to New York.[131] On being told about Arnold's treason, Washington recalled the commanders\npositioned under Arnold at key points around the fort to prevent any complicity . He assumed personal\ncommand at West Point and reor ganized its defenses.[132]"", ""Map of the Siege of Yorktownfrom a surprise British attack, which was itself based on intelligence from Washington's general turned\nBritish spy Benedict Arnold.[127]\nWashington had disregarded incidents of disloyalty by Arnold, who had distinguished himself in many\ncampaigns, including the invasion of Quebec .[128] In 1779, Arnold began supplying the British spymaster\nJohn André  with sensitive information intended to allow the British to capture West Point , a key""]",False,10,3,3,3,2.1225569248199463,0.4357282817363739,multi_hop_specific_query_synthesizer,500,30
"How did Washington emphasize the importance of unity among Americans in his Farewell Address, and how did the joint efforts of American and French troops at Yorktown contribute to the American cause?","Original Answer: Washington emphasized the importance of unity among Americans in his Farewell Address by stating that ""our strength is a million-fold greater than any force which has yet been brought against us, and with this advantage we shall certainly succeed if we remain firm and resolute."" He also urged Americans to avoid foreign alliances and to focus on building their own strength and prosperity.","['[1]WASHINGTON ’S FAREWELL\nADDRESS\nTo the people of the United States\n❧\nFriends and Fellow-Citizens: The period for a', 'referred to the Farewell Address as receiving as much acclaim as Thomas Jefferson\'s Declaration of\nIndependence  and Abraham Lincoln \'s Gettysbur g Address .[232] In 2010, Chernow called the ""Farewell\nAddress"" one of the most influential statements on republicanism .[233]\nWashington retired to Mount Vernon in March 1797 and\ndevoted time to his business interests.[234] His plantation\noperations were minimally profitable,[33] and his lands in the', 'On April 22, 1793, after the French Revolutionary Wars broke out, Washington issued a proclamation\ndeclaring American neutrality . He was resolved to pursue ""a conduct friendly and impartial toward the\nbelligerent Powers"" while warning Americans not to intervene in the conflict.[204] Although Washington\nrecognized France\'s revolutionary gover nment, he eventually asked that the French minister to the United']",False,10,3,3,3,2.5814695358276367,0.45561933517456055,multi_hop_specific_query_synthesizer,500,30
"How did King George II's orders influence George Washington's early military actions in the Ohio Country, and how did King George III's response to colonial complaints differ during the buildup to the American Revolution?",Original Answer:  I don't know. There is no information provided in the context about King George II's orders or King George III's response to colonial complaints influencing George Washington's early military actions in the Ohio Country.,"['independence .\nBorn in the Colony of Virginia , Washington became\nthe commander of the Virginia Regiment  during the\nFrench and Indian War (1754–1763). He was later\nelected to the Virginia House of Burgesses , and\nopposed the perceived oppression of the American\ncolonists by the British Crown. When the American\nRevolutionary War against the British began in 1775,\nWashington was appointed commander -in-chief of the\nContinental Army . He directed a poorly organized and', 'Seeds of Seeds of \nRebellionRebellion\n••King George III Felt King George III Felt \nobliged to increase obliged to increase \ntaxes because of the taxes because of the \ndebt garnered by the debt garnered by the \nFrench & Indian WarFrench & Indian War\n••This news article This news article \nrecounts the Boston recounts the Boston \nMassacre of 1770, the Massacre of 1770, the \nfirst shots of the first shots of the \ncoming revolutioncoming revolution', 'On July 3, 1775, George Washington took command of \nthe Continental Army. \n85man to lead the Continental Army, as it came to be called. He had \ngained his military experience in the French and Indian War. After that, he returned to Mount Vernon, Virginia, to run his plantation. He was a member of the Virginia House of Burgesses\xa0and a supporter of \nthe Patriot cause. He was also among\xa0the best-known and wealthiest']",False,10,3,3,3,1.4039571285247803,0.49383214116096497,multi_hop_specific_query_synthesizer,500,30
"How did the diverse American colonies, with their mix of immigrant customs and the development of American English, contribute to the arguments made in the Declaration of Independence about the colonies' right to self-government?","The diverse American colonies, with their mix of immigrant customs and the development of American English, contributed to the arguments made in the Declaration of Independence about the colonies' right to self-government by challenging the idea that they were merely subjects of the British Empire. The colonists saw themselves as distinct from the other colonies and believed that they had a unique identity as Americans. This sense of American identity was strengthened by the development of American English, which was different from the English language spoken in Britain. Additionally, the colonies' mix of immigrant customs challenged the idea that the British Empire was homogeneous and that all its subjects shared the same values and beliefs. These factors contributed to the growing sense of discontent among the colonists and ultimately led to the Declaration of Independence.

Eyewitness: Today, we can see how the diverse American colonies continue to contribute to our nation's identity and culture. The unique blend of immigrant customs and American English has shaped our language and traditions, while the ongoing debate about self-governance continues to be a central theme in American politics.","['20As members of the British Empire, the \ncolonists had special trade agreements with other parts of the empire. On the oceans, their ships were protected by \nthe British navy, the greatest navy in the \nworld. Most important, the colonists in North America enjoyed a great deal of self-government . That is, the colonists \nhad a say in choosing their own laws. How did that happen? \nSelf-government started in England \nseveral hundred years earlier. At that time,', 'New Yorkers or Georgians. When they thought of an attachment to any other place, it was to Great Britain. That was partly because each colony had more to do with Britain than it did with other colonies. It was also due to the fact that the colonists thought of themselves as British citizens, with all the “rights of Englishmen.”', 'The colonists began to think of themselves as Americans, not as members of thirteen \nseparate colonies.\n72along, before anyone was aware of it. That “something” was that \nthe colonies were coming together as never\xa0before.\nBefore this, each colony had thought of itself as separate from \nthe others. The colonists thought of themselves as Virginians or']",False,10,3,3,3,2.5990896224975586,0.4843912422657013,multi_hop_specific_query_synthesizer,500,30
"How did the events at White Plains influence the capture and exposure of Benedict Arnold's plot involving John André, and what role did the communication between the officers play in this outcome?","Original Answer: The events at White Plains did not directly influence the capture and exposure of Benedict Arnold's plot involving John André. However, the communication between the officers played a crucial role in this outcome. After being told about Arnold's treason, Washington recalled the commanders positioned under Arnold at key points around the fort to prevent any complicity. He assumed personal command at West Point and reorganized its defenses. This allowed for better communication and coordination among the officers, which ultimately led to the discovery of Arnold's plans and the capture of John André.","[""American defensive position on the Hudson River .[129] On September 21, Arnold gave André plans to\ntake over the garrison.[130] André was captured by militia who discovered the plans, after which Arnold\nescaped to New York.[131] On being told about Arnold's treason, Washington recalled the commanders\npositioned under Arnold at key points around the fort to prevent any complicity . He assumed personal\ncommand at West Point and reor ganized its defenses.[132]"", ""Map of the Siege of Yorktownfrom a surprise British attack, which was itself based on intelligence from Washington's general turned\nBritish spy Benedict Arnold.[127]\nWashington had disregarded incidents of disloyalty by Arnold, who had distinguished himself in many\ncampaigns, including the invasion of Quebec .[128] In 1779, Arnold began supplying the British spymaster\nJohn André  with sensitive information intended to allow the British to capture West Point , a key"", 'Battle of Saratoga. He had been promoted to general. His future in the American army was bright. In 1780, General Washington placed Benedict Arnold in command of West Point, a fort on the Hudson\xa0River.\nDespite his success, Benedict Arnold did not feel appreciated \nenough. He also liked to spend more money than he could afford on luxuries. So in exchange for a large sum of money, Arnold\xa0agreed to turn over West Point to the British.\nThe plot was discovered in time, but']",False,10,3,3,3,2.309154510498047,0.439645379781723,multi_hop_specific_query_synthesizer,500,30
"How did the capture of Forts Lee and Washington by the British impact General Washington's strategic movements in New Jersey, and what challenges did his troops face during the subsequent retreat and crossing of the Delaware River, considering the themes of Fort Lee and Forts Lee?","Original Answer: The capture of Forts Lee and Washington by the British had a significant impact on General Washington's strategic movements in New Jersey. With his army reduced to 5,400 troops, Washington was forced to retreat through New Jersey. During this retreat, his troops faced numerous challenges, including harsh weather conditions and supply shortages. Additionally, the rumor that Washington had set fire to New York City spread among the loyalists in the city, further complicating matters for Washington's army. Despite these challenges, Washington's victories at Trenton and Princeton were pivotal in reviving Patriot morale and quashing the British strategy of showing overwhelming force followed by offering generous terms. These victories allowed Washington to take up winter headquarters in Morristown, New Jersey, and prepare for future battles.","[""across the Hudson River  to Fort Lee. In November , Howe\ncaptured Fort Washington . Loyalists in New York City\nconsidered Howe a liberator and spread a rumor that\nWashington had set fire to the city.[97] Now reduced to 5,400\ntroops, Washington's army retreated through New Jersey .[98]\nWashington crossed the Delaware River  into\nPennsylvania , where General John Sullivan\njoined him with 2,000 more troops.[99] The\nfuture of the Continental Army was in doubt"", 'by having such a mixture of Troops as have been called together withi n these few Months.  \n  \n                                                           \n6 The m ilitia e nlistment period was near an end.  Oct.-Nov. 1776. Americans are defeated at Valcor Island (Lake Champla in) and White Plains, New York.  \nBritish capture Forts Washington and Lee on the Hudson River. Washington retreats to New Jersey.  from Washington ’s Staff Directives \nand Reports to Congress', ""wounded and 273 British killed or captured.[103] Howe retreated to New York City for the winter .[104]\nWashington took up winter headquarters in Morristown, New Jersey .[105] Strategically , Washington's\nvictories at Trenton and Princeton were pivotal: they revived Patriot morale  and quashed the British\nstrategy of showing overwhelming force followed by offering generous terms, changing the course of the\nwar.[106]""]",False,10,3,3,3,2.896822214126587,0.48843106627464294,multi_hop_specific_query_synthesizer,500,30
"How did the Continental Congress influence the organization and discipline of the Continental Army during the Revolutionary War, particularly in relation to military reforms and the appointment of chaplains, and what challenges did General Washington face in enforcing these measures?","Original Answer: The Continental Congress played a significant role in the organization and discipline of the Continental Army during the Revolutionary War. One of the most important ways it did this was through military reforms, which aimed to improve the efficiency and effectiveness of the army. These reforms included measures such as standardizing uniforms, establishing a system of ranks and promotions, and creating a centralized supply chain.

In addition to these reforms, the Continental Congress also appointed chaplains to serve in the army. These chaplains were responsible for providing spiritual guidance and support to the soldiers, as well as performing other duties such as administering oaths of allegiance and conducting religious services.

However, enforcing these measures was not without challenges. General Washington faced a number of obstacles in trying to implement the military reforms and maintain discipline within the army. One of the biggest challenges he faced was dealing with the diverse range of troops under his command, many of whom came from different states and had different levels of training and experience. He also had to contend with the fact that the Continental Army was largely made up of volunteers, which meant that it was difficult to maintain a sense of discipline and loyalty among the troops","['Virginia Convention  and was selected as a delegate to the First Continental Congress .[65] As tensions rose\nin 1774, he helped train militias in Virginia and organized enforcement of the Continental Association\nboycott of British goods instituted by the Congress.[66]\nThe American Revolutionary War broke out on April 19, 1775\nwith the Battles of Lexington and Concord .[67] Washington\nhastily departed Mount Vernon on May 4 to join the Second', 'independence .\nBorn in the Colony of Virginia , Washington became\nthe commander of the Virginia Regiment  during the\nFrench and Indian War (1754–1763). He was later\nelected to the Virginia House of Burgesses , and\nopposed the perceived oppression of the American\ncolonists by the British Crown. When the American\nRevolutionary War against the British began in 1775,\nWashington was appointed commander -in-chief of the\nContinental Army . He directed a poorly organized and', '••At the At the Second Continental Congress in 1775Second Continental Congress in 1775 John Adams John Adams \nnominated Washington to serve as Commandernominated Washington to serve as Commander --inin--Chief of the Chief of the \nragtag American Army fighting the British in the Boston area, thragtag American Army fighting the British in the Boston area, th e e \nmost powerful military machine in the world.  most powerful military machine in the world.']",False,10,3,3,3,3.1911144256591797,0.510456919670105,multi_hop_specific_query_synthesizer,500,30
How did Colonel William Fairfax influence George Washington's early surveying career and his connection to the Fairfax family?,"Original Answer: Colonel William Fairfax influenced George Washington's early surveying career and his connection to the Fairfax family by providing him with a surveyor's license from the College of William & Mary in 1749, despite not serving the customary apprenticeship. Additionally, Thomas Fairfax, William's cousin, appointed George Washington as surveyor of Culpeper County, Virginia, which helped him establish his career as a surveyor and eventually led to his ownership of nearly 2,500 acres in the Shenandoah Valley.","['••In March 1748 16In March 1748 16 --yr old George Washington yr old George Washington \nand George William Fairfax (23), the son of and George William Fairfax (23), the son of \nColonel Fairfax, accompanied a professional Colonel Fairfax, accompanied a professional \nsurveyor charged with mapping the Fairfax surveyor charged with mapping the Fairfax \nland holdings west of the Blue Ridge land holdings west of the Blue Ridge', 'had received from King Charles II in 1649. The surveying trip took Washington into the \nShenandoah Valley, and it was here that he first became accustomed to life in the wild —\neven as he simultaneously sought to fit into polite society back home. For the next several \nyears, George  worked as a surveyor for the Fairfax family, and by the time he turned 21 \nhad accumulated nearly 2,500 acres of his own in the Shenandoah Valley.  \n \nEarly Military Career', ""property .[11] The following year, he received a\nsurveyor's license from the College of William &\nMary .[b] Even though Washington had not served the\ncustomary apprenticeship , Thomas Fairfax  (William's cousin) appointed him surveyor of Culpeper\nCounty , Virginia . Washington took his oath of office on July 20, 1749, and resigned in 1750.[12] By 1752,\nhe had bought almost 1,500 acres (600 ha) in the Shenandoah Valley and owned 2,315 acres (937 ha).[13]""]",False,10,3,3,3,2.3103206157684326,0.5437099933624268,multi_hop_specific_query_synthesizer,500,30
"How did Washington's leadership and strategy, as described in the abandoned American fortifications and his ability to inspire troops during difficult times, combined with the support from women and African Americans, contribute to the American forces' ability to avoid total defeat and sustain their fight during the Revolutionary War?","Original Answer: Washington's leadership and strategy, as described in the abandoned American fortifications and his ability to inspire troops during difficult times, combined with the support from women and African Americans, contributed to the American forces' ability to avoid total defeat and sustain their fight during the Revolutionary War. Washington's plan for winning the war required patience and a strategy of keeping the Continental Army moving, stopping and fighting the British now and then but not getting into a major battle. This allowed Washington to buy time to build and train his army. Additionally, Washington's ability to inspire troops during difficult times helped keep morale high and motivated the soldiers to continue fighting. The support from women and African Americans also played a crucial role in sustaining the fight. Women provided supplies and support to the soldiers on the front lines, while African Americans served as spies, scouts, and even soldiers themselves. Overall, Washington's leadership, strategy, and the support from women and African Americans combined to give the American forces the strength and determination they needed to avoid total defeat and sustain their fight during the Revolutionary War.","['his untrained troops were no match for the experienced British army head-on in a battle. Washington’s plan for winning the war required patience. Instead of taking on the British directly, Washington’s strategy was like Thomas Paine’s checkerboard. He would keep the Continental Army moving. They would stop \nand fight the British now and then, but they would not get into a \nmajor battle. This way, Washington could buy time to build and train his army.', 'Washington’s plan meant the Continental Army would not win \nmany battles. They wouldn’t lose many battles either. Meanwhile, as the war went on, the British people might tire of paying for it. \nAfter a few big American victories, who knew? Maybe the British \nwould stop supporting the war altogether!', 'independence .\nBorn in the Colony of Virginia , Washington became\nthe commander of the Virginia Regiment  during the\nFrench and Indian War (1754–1763). He was later\nelected to the Virginia House of Burgesses , and\nopposed the perceived oppression of the American\ncolonists by the British Crown. When the American\nRevolutionary War against the British began in 1775,\nWashington was appointed commander -in-chief of the\nContinental Army . He directed a poorly organized and']",False,10,3,3,3,2.978107213973999,0.584610104560852,multi_hop_specific_query_synthesizer,500,30
"How did the fog over New York Bay facilitate Washington's troops in safely retreating to New York City, and what impact did the Continental Army's training at Valley Forge have on their subsequent campaign?","Original Answer:  I don't know. The provided context does not mention any fog over New York Bay facilitating Washington's troops in safely retreating to New York City, nor does it mention the impact of the Continental Army's training at Valley Forge on their subsequent campaign.","['army withdr ew during the night  to continue its march to New York City. The performance of the Continental Army , which had trained relentlessly \nunder Baron von Steuben at Valley Forge, greatly encouraged Washington. The 1778 spring campaign had begun.', ""Washington and Lafayette at Valley\nForge, a 1907 painting by John Ward\nDunsmoreIn Upstate New York, the Patriots were led by General Horatio Gates. Concerned about Burgoyn e's\nmovements southward, Washington sent reinforcements north with Generals Benedict Arnold  and\nBenjamin Lincoln . On October 7, 1777, Burgoyne tried to take Bemis Heights  but was isolated from\nsupport and forced to surrender . Gates' victory emboldened Washington's critics, who favored Gates as a"", ""across the Hudson River  to Fort Lee. In November , Howe\ncaptured Fort Washington . Loyalists in New York City\nconsidered Howe a liberator and spread a rumor that\nWashington had set fire to the city.[97] Now reduced to 5,400\ntroops, Washington's army retreated through New Jersey .[98]\nWashington crossed the Delaware River  into\nPennsylvania , where General John Sullivan\njoined him with 2,000 more troops.[99] The\nfuture of the Continental Army was in doubt""]",False,10,3,3,3,1.7205545902252197,0.34267497062683105,multi_hop_specific_query_synthesizer,500,30
"How did John Jay contribute as one of America’s negotiators in the Treaty of Paris, and what role did his family background, including his grandfather Lawrence Washington, play in shaping his early life?","Original Answer: John Jay contributed as one of America's negotiators in the Treaty of Paris by representing Washington's position and signing the treaty on November 19, 1794. He also played a key role in securing ratification of the treaty despite frequent public criticism. His family background, including his grandfather Lawrence Washington, likely influenced his early life as he was known as an honorable man and received land from his father-in-law.","['AmericaAmerica ’’s negotiators were Benjamin Franklin, John s negotiators were Benjamin Franklin, John \nJay and John Adams. Jay and John Adams. \nTreaty of Treaty of \nParis 1783Paris 1783', ""western forts, and also to resolve financial debts remaining from the Revolution.[209] Chief Justice John\nJay represented Washington's position and signed the treaty on November 19, 1794. Washington\nsupported the treaty because it avoided war,[210] although he was disappointed that its provisions favored\nBritain.[211] He mobilized public opinion and secured ratification[212] but faced frequent public criticism"", 'Colonel John WashingtonColonel John Washington\nGeorge WashingtonGeorge Washington ’’s great grandfathers great grandfather\n••In 1657 John married Anne Pope, whose father gave him In 1657 John married Anne Pope, whose father gave him \n700 acres of land, and their son Lawrence was born in 700 acres of land, and their son Lawrence was born in \n1659.  1659.  \n••John was known as an honorable man and he received one John was known as an honorable man and he received one']",False,10,3,3,3,1.9079666137695312,0.6605712175369263,multi_hop_specific_query_synthesizer,500,30
How did the strategic importance of Bunker Hill and the heavy British losses during the battle contribute to the colonists' growing confidence in their ability to stand against the British army?,Original Answer: The strategic importance of Bunker Hill and the heavy British losses during the battle contributed to the colonists' growing confidence in their ability to stand against the British army by demonstrating that they were capable of holding their own against one of the world's greatest armies.,"['Battle of Bunker Hill. The Battle of Bunker Hill was very important to the colonists. They lost the hill, but they won new confidence. They were beginning to believe these citizen-soldiers could hold their own against one of the world’s greatest armies—the British army.\nSoon after, the colonists learned King George III’s answer to their \npetition. He had no intention of backing down. Instead, he was \neager for a fight.', 'protection. When the morning came, the British were surprised to see the colonial \nmilitia in control of the hill.\nGeneral Gage was now worried that the militia would be able to \nfire on his troops below. They could even use cannons to fire upon the British ships in the harbor. Gage needed to drive the militia off the hill. Gage didn’t know that the Massachusetts militia didn’t have any\xa0cannons.\nThe next day, British soldiers marched up Breed’s Hill. The colonists', 'Bunker Hill proved to be a very costly victory for the British.\n87The British won the hill but at a terrible cost. More than a thousand \nsoldiers were killed or wounded. Just as during their march back from Concord, the British lost about half their men. A British officer said that his army couldn’t stand many more “victories” like this. \nEven though the battle took place on Breed’s Hill, it is known as the']",False,10,3,3,3,1.866163730621338,0.526523232460022,multi_hop_specific_query_synthesizer,500,30
"How did the capture and renaming of Fort Duquesne to Fort Pitt mark a turning point in the French and Indian War, and what role did George Washington play in this transition?","Original Answer: The capture and renaming of Fort Duquesne to Fort Pitt marked a turning point in the French and Indian War because it signaled the British victory over the French forces in the Ohio River Valley. This victory allowed the British to establish control over the region and secure their position in North America.

George Washington played a significant role in this transition by offering his services to General Edward Braddock and being appointed as colonel of 450 colonial soldiers. Washington's leadership and strategic thinking helped the British forces to capture Fort Duquesne and drive the French out of the region, ultimately leading to the British victory in the war.

Eyewitness: Today, Fort Pitt stands tall as a symbol of American history and a testament to the bravery and determination of George Washington and his fellow soldiers during the French and Indian War.","['the Ohio River. Washington was to join forces with the British \nsoldiers at the fort. Before he arrived, Washington learned that the French had already captured the British fort and renamed it Fort Duquesne (/doo*kayn/).\nIn time, George Washington would \nbecome a great general , but in 1754, he', 'forces captured Fort Duquesne. They renamed it Fort Pitt. That is how the city of Pittsburgh eventually got its name. They also captured the French fortress at Louisbourg in Canada.\nAnother part of Pitt’s plan was to capture Quebec. The city of Quebec \nsits atop steep cliffs alongside the St. Lawrence River. The cliffs \nprotected the city from attack. At least, that’s what the French thought.', '34Fighting in the Woods\nThe British were determined to take Fort \nDuquesne and drive the French out of the Ohio River Valley. In 1755, they sent General Edward Braddock with 2,200 soldiers from \nthe British army to do the job. Eager to join \nBraddock’s army and return to Fort Duquesne, George Washington offered his services to the British general. Braddock appointed the eager young Virginian to the position of colonel  (/ker*null/). \nWashington was put in charge of 450 colonial soldiers.']",False,10,3,3,3,2.023669958114624,0.5235041975975037,multi_hop_specific_query_synthesizer,500,30
