question,ground_truth,evolution_type
What role does the National Park Service play in preserving sites related to the American Revolution?,"['The National Park Service, part of the U.S. Department of the Interior, manages Independence National Historical Park in Philadelphia, Pennsylvania, which preserves important sites related to the American Revolution, including Independence Hall where key events such as the Second Continental Congress meetings and the signing of the Declaration of Independence took place.']",single_hop_specifc_query_synthesizer
What grievances did the American colonists have against the King in the Declaration of Independence?,"['The American colonists accused the British king of taking away their rights as English citizens, ignoring or changing their colonial governments, and denying their rights to a trial by jury. They also complained that the king sent a hired army to force them to obey unjust laws and declared that the king was ""unfit to be the ruler of a free people.""']",single_hop_specifc_query_synthesizer
"What role did Thomas Jefferson play in the drafting of the Declaration of Independence, and how was his contribution recognized by his contemporaries?","[""Thomas Jefferson took the lead on drafting the Declaration of Independence as part of a committee appointed by Congress, which also included John Adams, Benjamin Franklin, Roger Sherman, and Robert R. Livingston. Jefferson's rough draft, which is preserved in the Library of Congress, was edited by Adams and Franklin before the final version was approved. His contemporaries recognized the significance of the Declaration and Jefferson's role in it, as reflected in letters such as Jefferson's own to Henry Lee, where he described the Declaration as an expression of the American mind intended to justify the colonies' stand for independence. Additionally, the committee's work and the solemnity of the occasion were noted by figures like Benjamin Rush and John Adams, underscoring the importance of Jefferson's contribution to this foundational document.""]",single_hop_specifc_query_synthesizer
Who was Timothy Matlack and what was his role related to the Declaration of Independence?,"['Timothy Matlack was the engrosser of the Declaration of Independence, meaning he was responsible for creating the official handwritten copy of the document.']",single_hop_specifc_query_synthesizer
What circumstances led John Washington to leave Northamptonshire and begin a new life in America?,"[""John Washington was forced to leave Northamptonshire when his father Lawrence, the Rector of Purleigh, fell from favor with Oliver Cromwell's Parliament after it overthrew the English king in 1656. At age 25, John sailed to America in the ketch Sea Horse of London in 1657. The Sea Horse made landfall in Virginia but floundered in bad weather off the Virginia Capes on its homeward voyage. John was one of the few to escape by swimming to the Virginia shore, where he began a new life.""]",single_hop_specifc_query_synthesizer
What significance did Ferry Farm hold in George Washington's early life according to his family's history?,"[""Ferry Farm was one of the places where George Washington lived during his childhood. After being born at Pope's Creek and living there until he was three, George moved to Mount Vernon for another three years before moving to Ferry Farm. While living at Ferry Farm, he learned to farm and to ride horses. His time at Ferry Farm was part of his early upbringing before his father died when George was eleven.""]",single_hop_specifc_query_synthesizer
What was the significance of Cartagena in Lawrence Washington's military service?,"[""In 1740, when George Washington was 8 years old, 400 Virginia soldiers sailed to the Caribbean to assault the Spanish port of Cartagena. The naval squadron was commanded by English Admiral Edward Vernon and the assault troops by General Thomas Wentworth. Lawrence Washington, George's older brother, participated in this military service, which influenced George to pursue a military career.""]",single_hop_specifc_query_synthesizer
Wut was George Washingtons conection to the Shenandoah Valley?,"['In 1748, 16-year-old George Washington accompanied George William Fairfax and a professional surveyor to map the Fairfax land holdings west of the Blue Ridge Mountains, including the unsettled lands of the Shenandoah Valley. During this time, Washington spent a month surveying, camping, hunting, cooking over open fires, and observing Indian war dances. This experience on the raw frontier was a galvanizing event in his young life and shaped his destiny.']",single_hop_specifc_query_synthesizer
What role did the Mississippi River play in the territorial disputes between the French and English in 1753?,"[""The Mississippi River marked the western extent of Virginia's territorial claims, which were threatened by French forts along the Ohio River and their presence in the upper Ohio Basin. In 1753, Virginia Governor Dinwiddie sent Major Washington on a mission to the French in the Ohio Valley to demand that they peaceably depart the region, as the French were constructing a string of protective forts. This mission was part of the larger conflict over control of lands extending west to the Mississippi River.""]",single_hop_specifc_query_synthesizer
Could you provide a detailed account of George Fairfax's role and significance during George Washington's 1754 mission to report back to the Colonial government in Williamsburg?,"[""During George Washington's 1754 mission, he spent a day paying his respects to George and Sally Fairfax at Belvoir along the way before continuing alone to report back to the Colonial government in Williamsburg on January 16th. This stop at Belvoir indicates that George Fairfax was a notable figure whom Washington acknowledged during his journey. The context highlights Washington's mission and the importance of his report, but specifically mentions his respect paid to George Fairfax, suggesting Fairfax's prominence in the colonial society at that time.""]",single_hop_specifc_query_synthesizer
Could you explain Governor Dinwiddie's reaction to the surrender of Fort Necessity and how the surrender document affected his position during the early conflicts with the French?,"['Governor Dinwiddie was greatly embarrassed by the surrender document signed by Washington after the fall of Fort Necessity. The document, written in French, was signed by Washington despite his inability to read the language, and it used the word ""assassinat"" to describe the death of Jumonville, implying that Washington admitted to murdering a French officer serving as a diplomat, which was considered an unlawful act. This caused a serious diplomatic issue and forced Governor Dinwiddie to issue a written statement criticizing Washington\'s ""late action with the French,"" although he clarified that the criticism was not meant to attack Washington personally. The surrender and the document were a source of local humiliation for Dinwiddie and were compounded by harsh admonitions from London and Paris, where English officials expressed doubts about the knowledge and experience of Washington and other officers involved.']",single_hop_specifc_query_synthesizer
What role did North Carilina play in the mobilizashun of militias during the French & Indian War?,"['During the French & Indian War, the governors of Maryland, Virginia, and North Carolina mobilized their state militias to combine their forces under the Maryland Governor. This mobilization had the effect of breaking the Virginia Regiment into individual companies commanded by captains.']",single_hop_specifc_query_synthesizer
"Could you provide a detailed account of Washington's role and experiences during the Braddock Expedition, highlighting the challenges he faced and his contributions to the campaign?","['During the Braddock Expedition, Washington played a significant role despite numerous challenges. Initially, General Braddock refused Washington\'s advice to dispense with wagons, insisting on pulling all his accustomed equipment through the unblazed wilderness, which caused the force to become badly dispersed over almost 20 miles. Washington continued to advise against using wagons, but Braddock rejected his suggestions. Discouraged and suffering from severe dysentery, Washington was forced to ride in a wagon at the rear of the traveling force. Eventually, Braddock relented and adopted Washington\'s suggestion to send an advance force of 1,200 men forward without wagons, leaving Washington behind. However, this advance force was harassed by marauding Indians who took scalps, terrifying the British regulars. Washington regained enough strength to rejoin Braddock on July 8th along the Monongahela River, about 12 miles upstream of The Forks of the Ohio. On July 9th, the English force, spread out over a mile-long track, attempted to ford the Monongahela twice while sending Major Gage forward with an advance force to protect the fords from ambush. Around 2:30 PM, Gage\'s troops were ambushed, causing the terrified redcoats to break ranks and retreat in confusion. Braddock and other officers tried to calm the men but failed. The British officers, except for Washington, were either wounded or killed. Colonial troops attempted to fight the French on their own terms in the woods but were mistakenly fired upon by their British allies. Despite the defeat being one of the worst in British colonial history, Washington emerged as a ""bullet proof hero of the Monongahela.""']",single_hop_specifc_query_synthesizer
What role Fort Duquesne play in Washington's 4th trip?,"['Fort Duquesne was the target of the last British expedition to the Forks of the Ohio, led by British Brigadier John Forbes with Washington as a Colonel under his command. The expedition aimed to capture Fort Duquesne, located at the confluence of the Allegheny and Monongahela Rivers in present-day Pittsburgh.']",single_hop_specifc_query_synthesizer
how george washington early military career and washington expedition to ohio country show his rise to fame and military skill?,"[""George Washington's early military career began in 1753 when, inspired by his stepbrother and supported by influential patrons, he was appointed district adjutant for the Northern Neck of Virginia, becoming a major in the Virginia militia just before his 21st birthday. In 1754, he was assigned to explore the Ohio Country to determine if the French were building forts there. During this expedition, despite harsh winter conditions, Washington made contact with local Iroquois and reached the French Fort Le Boeuf, where he demanded the French leave. His detailed report and map of the expedition were published widely, bringing him considerable notoriety. Later that year, as a newly promoted Lieutenant Colonel, Washington led a force to confront the French, ambushing a French diplomatic party and killing its leader, which triggered a French retaliation. Washington hastily built Fort Necessity but was forced to surrender after a French attack. Although this expedition was a military failure, it raised Washington's profile both in the Colonies and abroad. His early military actions, including his detailed reporting and leadership in the Ohio Country, demonstrated his military skill and helped establish his reputation, setting the stage for his later prominence.""]",multi_hop_abstract_query_synthesizer
How did George Washington's early military leadership during the French and Indian War demonstrate his ability to manage diverse troops and respond to the French threat?,"[""George Washington's early military leadership during the French and Indian War was marked by his ability to manage a diverse group of troops and respond effectively to the French threat. At just 22 years old, Washington led a force that included colonial soldiers, South Carolina troops, and Native American allies such as Half-King and his braves. Despite challenges like the South Carolina troops' reluctance to work and the Native Americans' different fighting styles, Washington maintained calm and firm leadership. He organized scouts, prepared defenses like Fort Necessity, and personally took part in combat, showing courage under fire. When the French approached in great force, Washington strategically positioned his men outside the fort and later ordered a defensive fire from within. He also handled negotiations with the French, carefully interpreting their terms despite language barriers. Throughout these events, Washington acted as a father figure to his men, reading to them on Sundays and earning their respect. His leadership combined tactical skill, personal bravery, and the ability to unify and motivate a varied force against the French during this critical conflict.""]",multi_hop_abstract_query_synthesizer
"How did George Washington's early military career, including his ambush of the French diplomatic mission and his role in the Braddock Expedition, reflect the conflict between British and French forces in the Ohio Valley?","[""George Washington's early military career was marked by significant involvement in the escalating conflict between British and French forces in the Ohio Valley. In January 1754, at age 22, Washington was ambushed by a traitorous Indian guide but managed to reach John Frazier's trading post. He then continued alone to report back to the Colonial government in Williamsburg, producing a detailed 7000-word report and map of French forts along the upper Ohio River. This report highlighted French activities and their goal of occupying the Ohio Valley west of the English Colonies, drawing considerable attention and placing Washington in a position of notoriety on both sides of the Atlantic. Later, in April 1754, as a newly promoted Lieutenant Colonel, Washington led 140 men to the Forks of the Ohio, where a smaller English group had been chased away by a superior French force. Upon hearing of a French diplomatic mission sent to parley, Washington, unaware of their peaceful intent, ambushed the party, killing ten Frenchmen including Ensign Joseph de Jumonville. This incident provoked a French military response. Subsequently, during the Braddock Expedition, Washington served alongside British regulars under General Braddock. Despite Washington's advice to dispense with wagons for faster movement through the unblazed wilderness, Braddock refused. The British forces became dispersed and were ambushed by French and Indian forces near the Monongahela River. Washington played a significant role in the battle, as many British officers were wounded or killed, and colonial troops faced friendly fire from British soldiers who mistook them for the enemy. These events illustrate Washington's early military leadership amid the intense rivalry and conflict between British and French forces vying for control of the Ohio Valley.""]",multi_hop_abstract_query_synthesizer
"Hw did George Wash-ing-ton's early military leadership dur-ing the French and Indian War show his skills in mil-i-tary strategy and tactics, especially in his relations and negotiations with Native Americans?","[""George Wash-ing-ton's early military leadership during the French and Indian War demonstrated his skills in military strategy and tactics through several key actions. Initially, as a young officer, he undertook a difficult mission to deliver a message to the French, asserting Virginia's claim to the Ohio River lands, despite facing dangers such as being fired upon by a Native American and nearly drowning while crossing an ice-filled river on a raft. Later, as a lieutenant colonel leading 150 men, Washington faced the challenge of commanding raw troops with little discipline and limited numbers against a stronger French force allied with Shawnee and Delaware Native Americans. He showed strategic foresight by building Fort Necessity to hold a defensive position, although its low ground and heavy rain led to his surrender. Washington also skillfully negotiated with Native Americans, as seen when he dealt with a red-skin guide who initially refused to continue without gifts, promising him a fine white shirt and great-coat to secure his aid. Furthermore, Washington collaborated with Native American allies like Half-King, who warned him of French movements and helped plan a surprise attack on French forces, resulting in the death of the French leader De Jumonville and marking the first bloodshed of the war. Throughout these events, Washington displayed calmness under fire, personal bravery, and an ability to adapt tactics, such as suggesting that troops fight from behind trees like the Native Americans, although this was initially resisted by others. His relations with Native Americans were pragmatic, recognizing their importance as guides and allies, and he used negotiation and gifts to maintain their support. These experiences laid the foundation for his later military career and showed his emerging leadership qualities in a complex frontier war.""]",multi_hop_abstract_query_synthesizer
how george washington early military career and his diplomatic mission to french and iroquois show his importance in ohio valley conflict?,"['George Washington\'s early military career began with his appointment as a major and commander of one of the four militia districts by Virginia\'s lieutenant governor Robert Dinwiddie. In 1753, Washington was sent as a special envoy to demand the French vacate land claimed by the British in the Ohio River Valley and to make peace with the Iroquois Confederacy. During this diplomatic mission, he met with Iroquois leader Tanacharison, who named him Conotocaurius, meaning ""devourer of villages."" Washington delivered the British demand to the French commander at Fort Le Boeuf, but the French refused to leave. Despite difficult winter conditions, Washington completed the mission and published a detailed report and map, which gained him considerable notoriety. In 1754, promoted to lieutenant colonel, Washington led a military expedition to confront the French at the Forks of the Ohio. He commanded an ambush against a French detachment carrying a diplomatic message, killing their commander Jumonville, which ignited the French and Indian War. Washington\'s actions, both diplomatic and military, highlighted his value as a pathfinder and military officer, drawing attention to French activities and the strategic importance of the Ohio Valley in the conflict between British and French forces.']",multi_hop_abstract_query_synthesizer
"How did George Washington's early military leadership during the French and Indian War, including his relations and negotiations with Native Americans, influence his development of military strategy and tactics to address the challenges of frontier warfare and logistics?","[""During the French and Indian War, George Washington demonstrated early military leadership that was shaped significantly by his experiences with Native Americans and the difficulties of frontier warfare. In one instance, Washington and his companion Gist managed a tense encounter with a Native American by using negotiation and strategic deception to avoid conflict, showing his early skill in relations and diplomacy with Native peoples. Washington also led a force of raw troops who were difficult to manage, relying on the guidance of experienced officers like Van Braam and Native allies such as Half-King. He learned the importance of securing Native cooperation through gifts, as Native guides would not assist without compensation, reflecting the complexities of frontier alliances. Washington's tactical acumen was evident in his surprise attack on the French camp, where he coordinated with Native warriors to outflank and rout the enemy, marking the first bloodshed of the war and demonstrating his ability to integrate irregular warfare tactics suited to the frontier environment. He faced severe logistical challenges, including harsh terrain, scarce provisions, and the need to build roads and forts under threat of enemy and Native attacks. Washington's efforts to maintain troop morale and discipline among poorly equipped and reluctant soldiers further honed his leadership. These experiences during the French and Indian War provided Washington with critical knowledge of military strategy and tactics adapted to frontier conditions, including the use of guerrilla-style engagements, the necessity of Native alliances, and the management of supply and movement in difficult wilderness terrain. This foundation influenced his later command decisions and contributed to his reputation as a capable and resilient military leader.""]",multi_hop_abstract_query_synthesizer
"how did george washington show early military leadership by managing raw troops and negotiating with native americans during the french and indian war, especially given the challenges of frontier warfare and logistics?","[""George Washington showed early military leadership during the French and Indian War by taking charge of a force of raw troops who were difficult to manage, as many were unwilling to serve and those who did were often poorly equipped and undisciplined. Despite these challenges, Washington remained calm and firm, acting like a father figure to his men, reading to them on Sundays, and earning their respect through his conduct. He relied on experienced aides like Van-Braam for training and used scouts and red-men as guides, though he had to negotiate carefully with Native Americans, who demanded gifts to serve as guides and scouts. Washington promised gifts such as a fine white shirt and a great-coat to secure their cooperation. He also coordinated with Native American leaders like Half-King, who provided valuable intelligence and support in combat. Washington led his men through difficult terrain, slow marches, and shortages of food and supplies, often pushing his troops to clear roads and build forts under harsh conditions. He demonstrated military strategy and tactics by planning ambushes, such as the attack on the French camp where he coordinated movements with Half-King's braves, and by fortifying positions like Fort Necessity under siege. Throughout, Washington faced the challenges of frontier warfare and logistics, including rough roads, scarce provisions, and the need to maintain morale among a diverse and often reluctant force, yet he persevered and gained fame for his nerve, pluck, and leadership.""]",multi_hop_abstract_query_synthesizer
"How did George Washington's early military leadership demonstrate effective military strategy and tactics in the conflict between French and British forces, particularly in relation to his negotiations and relations with Native Americans during the challenges of frontier warfare and logistics?","[""George Washington's early military leadership was marked by his ability to navigate the complex challenges of frontier warfare, including difficult logistics and relations with Native Americans. In his mission to deliver a note from the French chief to Governor Dinwiddie, Washington endured severe hardships such as crossing icy rivers and traveling through hostile territory, demonstrating his resilience and determination. When leading troops against the French, Washington faced raw and undisciplined men but relied on the guidance of experienced officers like VanBraam and the support of Native American allies such as Half-King. He skillfully combined military tactics with diplomacy, as seen when he negotiated with a Native American guide by promising gifts to secure his assistance, acknowledging the importance of Native cooperation. Washington also coordinated with Native allies in ambushing French forces, leading to the first bloodshed of the conflict at the skirmish where French leader Jumonville was killed. Despite being young and inexperienced, Washington showed calmness and courage under fire, earning respect for his leadership. He adapted to the challenges of frontier warfare by building fortifications like Fort Necessity under dire conditions, managing scarce food supplies, and maintaining troop morale. His strategic use of terrain and coordination with Native forces exemplified effective military tactics in a difficult and fluid conflict between French and British forces on the frontier.""]",multi_hop_abstract_query_synthesizer
why washington warn us about permanent foreign alliances and how he say we should keep neutrality in foreign policy in his farewell address?,"[""In his Farewell Address, George Washington warned against the establishment of permanent alliances with other countries because he believed such connections would inevitably be subversive to America's national interest. He emphasized the importance of neutrality in foreign policy, explaining that the United States had the right and duty to take a neutral position in the ongoing European war. Washington maintained this neutrality with moderation, perseverance, and firmness, aiming to protect the young nation’s institutions and allow it to grow strong and independent without interruption. He viewed neutrality as a duty grounded in justice and humanity, preserving peace and amity with other nations.""]",multi_hop_abstract_query_synthesizer
"How did George Washington's 1754 expedition to the Ohio Valley, including the conflict with French forces and the construction of Fort Necessity, influence his military rank and subsequent role in the French and Indian War, considering Governor Dinwiddie's mission and the political ramifications of Jumonville's death?","[""In 1754, George Washington, newly promoted to Lieutenant Colonel of the Virginia Militia, led an expedition to the Ohio Valley under Governor Dinwiddie's orders to build English forts and assert territorial claims against French intrusion. During this mission, Washington encountered a French diplomatic party led by Ensign Joseph de Jumonville. Mistaking them for an attack force, Washington's men ambushed the French, resulting in Jumonville's death, which had significant political and diplomatic consequences, as the French portrayed it as an assassination of a diplomat. Anticipating a French retaliation, Washington hastily constructed Fort Necessity at the Great Meadows, but its poor location below surrounding terrain and the onset of heavy rain rendered the fort indefensible. On July 3, 1754, Washington surrendered Fort Necessity to superior French forces, signing a surrender document in French without fully understanding its implications, which admitted to the 'assassination' of Jumonville. This event was a source of embarrassment for both Washington and Governor Dinwiddie and dashed Washington's hopes of becoming a regular Royal Army officer. Following the death of Colonel Joshua Fry, Washington assumed command as a full Colonel of the Virginia forces. Despite the setback, Washington's leadership during these engagements elevated his military reputation. Later, during the French and Indian War, Washington was appointed Colonel of the reestablished Virginia Regiment and participated in further military campaigns, including serving as an aide to General Braddock. His early experiences, shaped by Dinwiddie's mission and the fallout from Jumonville's death, were pivotal in defining his military career and role in the conflict.""]",multi_hop_abstract_query_synthesizer
"How did George Washington's early military career, including his ambush of the French diplomatic mission and his role in the Braddock Expedition, reflect the conflict between British and French forces in the Ohio Valley?","[""George Washington's early military career was marked by significant involvement in the escalating conflict between British and French forces in the Ohio Valley. In January 1754, at age 22, Washington was ambushed by a traitorous Indian guide but managed to reach John Frazier's trading post. He then continued alone to report back to the Colonial government in Williamsburg, producing a detailed 7000-word report and map of French forts along the upper Ohio River, which was published and gained him notoriety on both sides of the Atlantic. In April 1754, as a newly promoted Lieutenant Colonel, Washington led 140 men to the Forks of the Ohio, where a smaller English group had been chased away by a superior French force. Washington cut a road to the Ohio Company’s storehouse and ambushed a French diplomatic mission led by Ensign Joseph de Jumonville, mistakenly assuming it was an attack party. This ambush resulted in the death of Jumonville and others, escalating tensions. Later, during the Braddock Expedition, Washington served alongside notable figures such as Daniel Boone and Horatio Gates. Despite his advice to General Braddock to dispense with wagons and adopt more flexible tactics, Braddock refused, leading to a disastrous ambush by French forces and their Indian allies near the Monongahela River. Washington played a significant role in the battle, surviving when many British officers were wounded or killed, and helping to rally the colonial troops. These events illustrate Washington's early military leadership amid the broader conflict between British and French forces vying for control of the Ohio Valley.""]",multi_hop_abstract_query_synthesizer
"How did George Washington's appointment as Commander in Chief influence his approach to military leadership, including army reforms and discipline, in the context of the Declaration of Independence?","[""George Washington was appointed Commander in Chief by the Continental Congress in June 1775, a responsibility he accepted with great concern and a sense of duty, despite his personal reluctance to leave his family (Context <1-hop>). Upon taking command, Washington emphasized the importance of strict discipline and subordination within the Continental Army, warning that failure in these areas would lead to disorder and disgrace. He required officers and soldiers to observe regulations such as forbidding profane language and drunkenness, maintaining cleanliness for health, and attending divine service to seek blessings for their cause. Washington also issued general orders to improve army conditions, including ensuring men had straw for bedding and restricting unnecessary activities that could introduce disease, such as fishing in freshwater ponds (Context <1-hop>). His leadership extended to enforcing punishments for desertion and misconduct, as seen in court-martial sentences, reflecting his commitment to maintaining order and morale (Context <4-hop>). The Declaration of Independence, approved in July 1776, provided a formal assertion of the colonies' freedom and served as a powerful incentive for Washington and his troops to act with fidelity and courage, knowing they were defending a new, independent nation (Context <3-hop>). This political milestone reinforced Washington's military leadership by framing the army's struggle as a defense of liberty and self-governance, motivating reforms and discipline to build a capable and resilient fighting force. Thus, Washington's appointment as Commander in Chief directly shaped his rigorous approach to military leadership, focusing on army reforms and discipline, all within the broader revolutionary cause symbolized by the Declaration of Independence.""]",multi_hop_abstract_query_synthesizer
how did george washington early military career including his diplomatic mission to the french and iroquois under governor dinwiddie's orders during the french and indian war contribute to the conflict escalation leading to military action in the ohio valley?,"[""George Washington's early military career began under the orders of Virginia's Lieutenant Governor Robert Dinwiddie, who in October 1753 sent Washington on a diplomatic mission to the French in the Ohio Valley to demand they vacate lands claimed by the British and to make peace with the Iroquois Confederacy. Washington's mission involved traveling through difficult winter conditions, navigating unexplored territory, and delivering Governor Dinwiddie's demand to the French commander at Fort Le Boeuf, who politely refused to leave due to superior French strength. Washington gathered valuable intelligence on French dispositions and returned with a detailed report and map, which was published and drew attention to French activities and intentions to occupy the Ohio Valley. In 1754, Washington, promoted to lieutenant colonel, led a military expedition to confront the French at the Forks of the Ohio. His forces ambushed a French detachment, killing their commander Jumonville, who had been carrying a diplomatic message. This incident, known as the Jumonville affair, escalated tensions and ignited the French and Indian War. Washington's subsequent surrender at Fort Necessity and the French retaliation further intensified the conflict. Thus, Washington's early diplomatic mission under Governor Dinwiddie directly contributed to escalating tensions that led to military engagements in the Ohio Valley, marking the beginning of open hostilities between British and French forces in North America.""]",multi_hop_abstract_query_synthesizer
"How did George Washington's early military career, including his ambush of the French diplomatic mission and his role in the Braddock Expedition, reflect the conflict between British and French forces during the mid-18th century?","[""George Washington's early military career vividly illustrated the escalating conflict between British and French forces in North America during the mid-18th century. In late 1753 and early 1754, at just 22 years old, Washington undertook a mission to report French activities in the Ohio Valley, producing a detailed 7000-word journal and map that highlighted French intentions to occupy territory west of the English colonies. In May 1754, Washington led a force that ambushed a French diplomatic mission headed by Ensign Joseph de Jumonville, mistakenly assuming it was an attack, resulting in the death of Jumonville and several Frenchmen. This incident provoked a French military response, forcing Washington to await their onslaught at Fort Necessity. Later, in 1755, Washington participated in the Braddock Expedition, a British campaign to dislodge the French from the Forks of the Ohio. Despite Washington's advice to abandon heavy wagons for faster movement through the wilderness, General Braddock insisted on traditional tactics, leading to the British force becoming dispersed and vulnerable. The expedition was ambushed near the Monongahela River, resulting in a disastrous defeat with many British officers killed or wounded. Washington distinguished himself by maintaining composure and leadership during the chaos, earning recognition despite the defeat. These events collectively demonstrate Washington's early involvement in the military struggle between British and French forces, highlighting both his emerging leadership and the broader colonial tensions that precipitated the American Revolution.""]",multi_hop_abstract_query_synthesizer
"How did George Washington's leadership during the siege of York-town, including the strategic positioning of troops and coordination with French forces, contribute to the decisive victory over Cornwallis?","[""During the siege of York-town, George Washington demonstrated calm and courageous leadership as he directed the combined American and French forces. The troops marched to positions near York-town, with Americans on the east side and the French on the west side of Beaver Dam Creek. The French fleet, led by the Count de Grasse, remained in Lynn Haven Bay to prevent British naval aid. Washington oversaw the construction of trenches and earthworks under cover of darkness, enabling the first line of attack. He personally ignited the first cannon fire, initiating a sustained bombardment that inflicted significant damage on British fortifications and ships. The American troops, led by Alexander Hamilton, successfully stormed the fortifications with minimal losses, while the French captured the fort at the Point. Washington's presence on the battlefield inspired his men despite the dangers, and his strategic coordination with French forces effectively trapped Cornwallis, who ultimately attempted a failed escape. This combined effort led to Cornwallis's surrender, marking a decisive victory in the American Revolutionary War.""]",multi_hop_specific_query_synthesizer
"How did Sir Henry Clinton's leadership influence Benedict Arnold's treasonous plan to surrender West Point during the American Revolution, and what were the key events that led to the exposure of this scheme?","[""Sir Henry Clinton played a pivotal role in Benedict Arnold's treasonous plan during the American Revolution. Arnold, once a respected American general, grew resentful after being court-martialed and sought to join the British cause. He secretly communicated with Sir Henry Clinton, proposing to surrender the strategic post of West Point to the British. Although Clinton initially did not make use of Arnold's offers, Arnold persisted and eventually gained command of West Point, from where he coordinated with Clinton's aide-de-camp, John André, who used the alias John Anderson. Arnold planned to deliver West Point to Clinton's forces while General Washington was away. On September 11, 1780, Arnold arranged to meet André at Dobbs Ferry to finalize the plan. However, due to a delay caused by Arnold being fired upon by guard boats, the meeting was postponed. André later traveled covertly by boat to meet Arnold, but after their secret discussions, André was captured by American militia while carrying plans to take over West Point. This led to the exposure of Arnold's scheme. Upon learning of Arnold's betrayal, Washington took personal command of West Point and reorganized its defenses to prevent any further British advantage.""]",multi_hop_specific_query_synthesizer
"How did Washington emphasize the importance of unity among Americans in his Farewell Address, and how did the joint efforts of American and French troops at Yorktown contribute to the American cause?","[""In his Farewell Address, Washington emphasized the importance of unity among Americans by urging them to cherish an immovable attachment to the national Union, describing it as the main pillar of their real independence, tranquility, peace, safety, prosperity, and liberty. He warned against internal and external enemies seeking to weaken this unity and stressed that the name 'American' should exalt the just pride of patriotism above local distinctions. Washington highlighted the mutual benefits of union among different regions, such as the North, South, East, and West, in commerce, agriculture, navigation, and security, and portrayed the Union as essential to avoiding internal conflicts and maintaining liberty. Regarding the military efforts, the joint American and French troops played a decisive role at the Siege of Yorktown, where Cornwallis was forced to surrender after Washington rejected unfavorable terms and insisted on his own. The American troops lined up on one side of the road and the French on the other as the British marched out to lay down their arms. This victory was a death-blow to the British war effort, leading to great joy throughout the land and eventual British evacuation of New York. Washington praised all troops for their bravery, and this combined effort significantly advanced the American cause for independence.""]",multi_hop_specific_query_synthesizer
"How did King George II's orders influence George Washington's early military actions in the Ohio Country, and how did King George III's response to colonial complaints differ during the buildup to the American Revolution?","[""King George II directly influenced George Washington's early military career by signing an order that strictly charged Washington to drive the French out of the Ohio Country by force if they did not leave peacefully. This order led Washington, then a young major in the Virginia militia, to undertake a mission to the French Fort Le Boeuf to demand their departure and later to lead an armed ambush against the French, which escalated tensions and set the stage for the French and Indian War. In contrast, during the buildup to the American Revolution, King George III received formal complaints from the colonies, including a Declaration of Rights issued by the First Continental Congress, which expressed colonial loyalty but also protested the loss of their rights. However, King George III and the British government responded harshly by enforcing the Intolerable Acts, appointing a military governor with thousands of soldiers to Massachusetts, and refusing to repeal the laws, which united the colonies in resistance and fostered a new American identity. Thus, while King George II's orders directly shaped Washington's military engagements, King George III's refusal to address colonial grievances contributed to the colonies' growing unity and eventual rebellion.""]",multi_hop_specific_query_synthesizer
"How did the diverse American colonies, with their mix of immigrant customs and the development of American English, contribute to the arguments made in the Declaration of Independence about the colonies' right to self-government?","[""The American colonies were home to many immigrant groups who initially settled near people from their own countries, maintaining their languages and customs. Over time, these groups borrowed ideas and customs from each other, such as building log cabins and sharing words from German, Dutch, Native American, and African languages, which led to the creation of American English. This blending of cultures and improved communication, aided by better roads and more frequent mail delivery, helped bring colonists together and foster a shared identity. This growing unity and common sense of belonging among the diverse colonies underpinned the arguments in the Declaration of Independence. Thomas Jefferson explained that the Declaration was meant to express the American mind and persuade the world of the colonies' right to self-government. The document listed grievances against the British king for violating the colonists' rights and declared the colonies free and independent states, able to govern themselves. Thus, the cultural and linguistic coming together of the colonies helped form the foundation for the Declaration's case for independence and self-rule.""]",multi_hop_specific_query_synthesizer
"How did the events at White Plains influence the capture and exposure of Benedict Arnold's plot involving John André, and what role did the communication between the officers play in this outcome?","[""The events at White Plains were part of a series of military actions where the red-coats eventually fell back from the area, but the conflict continued in the north. Major Tallmadge, returning from White Plains, urged that John André, who had been captured with plans given by Benedict Arnold, be brought back quickly. When André was caught with the plans, they were sent to the Commander-in-chief, and a note was sent to Arnold informing him of the capture. However, the officer in charge, Jameson, mistakenly allowed the note to be sent to Arnold without recalling it, which alerted Arnold to the failure of his plot. Arnold then fled, escaping capture. Thus, the military movements around White Plains indirectly contributed to the exposure of Arnold's treason through the timely communication and actions of the officers involved.""]",multi_hop_specific_query_synthesizer
"How did the capture of Forts Lee and Washington by the British impact General Washington's strategic movements in New Jersey, and what challenges did his troops face during the subsequent retreat and crossing of the Delaware River, considering the themes of Fort Lee and Forts Lee?","[""The British capture of Forts Washington and Lee on the Hudson River forced General Washington to retreat to New Jersey, as these forts were no longer defensible and of no use to the American forces. This loss allowed the British to cross the Hudson north of Fort Lee and advance through New Jersey, threatening to trap American troops between the Hudson and Hackensack Rivers. Washington quickly sent troops to defend the bridge at Hackensack, but the British van-guard was close behind, causing the American forces to flee their camp. Washington's troops were hard pressed and in flight, with many militia deserting due to the proximity of the British. Despite these dark days, Washington led his troops through New Jersey, hoping for reinforcements that did not arrive. The troops faced severe hardships, including a lack of shoes, which forced many men to be unable to do duty or remain in hospitals. Eventually, Washington planned a bold and risky crossing of the Delaware River near Trenton, despite severe winter conditions and difficulties such as ice impeding the passage of boats. This crossing was part of a larger plan to surprise and wrest Trenton from the British, who were commanded by Colonel Rall. The crossing and subsequent attack demonstrated the resilience and determination of Washington's forces despite the earlier setbacks caused by the loss of Forts Lee and Washington.""]",multi_hop_specific_query_synthesizer
"How did the Continental Congress influence the organization and discipline of the Continental Army during the Revolutionary War, particularly in relation to military reforms and the appointment of chaplains, and what challenges did General Washington face in enforcing these measures?","[""The Continental Congress played a significant role in shaping the organization and discipline of the Continental Army during the Revolutionary War. According to the context, Congress appointed committees to address military defects and reforms, such as completing regiments through drafts from the militia when voluntary enlistments proved insufficient. They also authorized the appointment of chaplains to each regiment, with a specified pay, to ensure religious observance and moral conduct among the troops. General Washington was tasked with enforcing these measures but faced numerous challenges. He issued detailed daily orders covering matters typically reserved for junior officers due to a shortage of competent officers. Washington had to address issues such as preventing soldiers from deserting by forbidding communication with certain civilians, maintaining camp hygiene to prevent sickness, and regulating the use of drums as signals to avoid confusion. Additionally, he struggled with the lack of adequate nursing care and the difficulties in maintaining troop morale and discipline, especially given the militia's lack of military experience and the temptation for desertion. Washington's correspondence reflects his concern that without effective measures from Congress, the army's cohesion and the revolutionary cause were at risk.""]",multi_hop_specific_query_synthesizer
How did Colonel William Fairfax influence George Washington's early surveying career and his connection to the Fairfax family?,"[""Colonel William Fairfax, as the cousin and agent of Lord Thomas Fairfax, owned vast land holdings known as the Northern Neck in Virginia. His son, George William Fairfax, accompanied the 16-year-old George Washington in 1748 on a surveying expedition west of the Blue Ridge Mountains, including the Shenandoah Valley. This experience was pivotal in shaping Washington's destiny. Additionally, Lawrence Washington, George's older half-brother, married Anne Fairfax, daughter of Colonel William Fairfax, bringing a considerable dowry and an alliance with the powerful Fairfax family. These connections to the Fairfax family were significant in George Washington's development as a prominent figure in early American history.""]",multi_hop_specific_query_synthesizer
"How did Washington's leadership and strategy, as described in the abandoned American fortifications and his ability to inspire troops during difficult times, combined with the support from women and African Americans, contribute to the American forces' ability to avoid total defeat and sustain their fight during the Revolutionary War?","['Washington\'s leadership was crucial in sustaining the American forces during the Revolutionary War. Despite setbacks such as being pushed out of Boston and defeated in New York City, Washington\'s forces managed to escape British grasps, as seen when the Americans safely retreated from abandoned American fortifications and camps. His ability to inspire his weary soldiers, notably by reading Thomas Paine\'s pamphlet ""The Crisis,"" which began with ""These are the times that try men’s souls,"" filled them with conviction and courage, enabling them to continue fighting. Washington\'s strategy focused on remaining in the field and avoiding crushing defeats by outmaneuvering the British, preventing total defeat as Thomas Paine likened the American plan to a game of checkers where the Americans could move out of one square to let the British come in, only to take two or three squares later. Additionally, support from women and African Americans played a significant role. Women contributed by working in army camps, washing, cooking, sewing, making gunpowder, nursing the wounded, and even participating in battle, exemplified by figures like Molly Pitcher and Deborah Sampson. African Americans, including about five thousand who fought on the American side, participated in nearly every battle, providing essential manpower. This combined leadership, strategic patience, and broad-based support helped the American forces avoid total defeat and sustain their fight throughout the war.']",multi_hop_specific_query_synthesizer
"How did the fog over New York Bay facilitate Washington's troops in safely retreating to New York City, and what impact did the Continental Army's training at Valley Forge have on their subsequent campaign?","[""The dense fog over New York Bay and the small isles provided cover that allowed Washington's troops to stealthily leave their works on the Heights and make their way safely to New York City without alerting the British forces. Despite a loud gunshot during the night, the fog concealed their movements, enabling all troops to board boats and cross the bay by daybreak. This successful retreat was followed by the Continental Army's spring campaign in 1778, which was greatly encouraged by the rigorous training they had undergone under Baron von Steuben at Valley Forge, improving their performance against the British.""]",multi_hop_specific_query_synthesizer
"How did John Jay contribute as one of America’s negotiators in the Treaty of Paris, and what role did his family background, including his grandfather Lawrence Washington, play in shaping his early life?","['John Jay was one of America’s negotiators in the Treaty of Paris in March 1783, alongside Benjamin Franklin and John Adams. The treaty resulted in the Americans being ceded all the lands between the Atlantic seaboard and the Mississippi River. Regarding his family background, John Jay’s grandfather, Lawrence Washington, was educated in England and upon returning to Virginia, became involved in law and politics, serving as a sheriff, justice, and member of the House of Burgess. Lawrence Washington’s early death left his estate to his sons, including John, which likely influenced John Jay’s upbringing and opportunities.']",multi_hop_specific_query_synthesizer
How did the strategic importance of Bunker Hill and the heavy British losses during the battle contribute to the colonists' growing confidence in their ability to stand against the British army?,"[""The strategic importance of Bunker Hill lay in its high ground overlooking Boston, which gave whoever controlled it a great advantage to fire down on the enemy, especially with cannons. Although the colonial militia mistakenly occupied Breed's Hill instead of Bunker Hill, they quickly built earthworks overnight to defend their position. When the British attacked, the colonists, despite having limited ammunition and no cannons, stood firm behind their trenches and repelled two British charges, inflicting heavy casualties. The British finally took the hill on their third charge but suffered over a thousand killed or wounded, losing about half their men, which was a very costly victory. This battle, known as the Battle of Bunker Hill, was important to the colonists because, although they lost the hill, they gained new confidence. They began to believe that these citizen-soldiers could hold their own against one of the world’s greatest armies, the British army. The heavy British losses and the colonists' determined defense demonstrated that the militia could stand up to professional troops, boosting colonial morale and resolve.""]",multi_hop_specific_query_synthesizer
"How did the capture and renaming of Fort Duquesne to Fort Pitt mark a turning point in the French and Indian War, and what role did George Washington play in this transition?","['The capture and renaming of Fort Duquesne to Fort Pitt marked a significant turning point in the French and Indian War by ending French claims to the Ohio Valley and establishing British control over the region. In late November 1758, the French, believing the British would not strike until spring, evacuated Fort Duquesne after destroying their cannon. Washington and his vanguard marched in on November 25, 1758, and raised the British flag on the ruins, renaming it Fort Pitt. This event concluded five years of conflict to secure the Forks of the Ohio, with peace established between the British and local Indian tribes. George Washington played a key role by leading his troops to occupy the fort and later viewing the transformation of the French fort into Fort Pitt on Christmas morning 1758. His leadership during this campaign and subsequent decision to resign and return to Mount Vernon in early 1759 marked the end of his military service in the war and the beginning of his life as a landowner and public figure.']",multi_hop_specific_query_synthesizer
